video,miss_rate,bin,miss_frac
1519,0.03,0,0.0
1519,0.03,1,0.0
1519,0.03,2,0.0
1519,0.03,3,0.0
1519,0.03,4,0.0
1519,0.03,5,0.0
1519,0.03,6,0.0
1519,0.03,7,0.0
1519,0.03,8,0.0
1519,0.03,9,0.0
1519,0.03,10,0.0
1519,0.03,11,0.0
1519,0.03,12,0.0
1519,0.03,13,0.0
1519,0.03,14,0.0
1519,0.03,15,0.0
1519,0.03,16,0.0
1519,0.03,17,0.0
1519,0.03,18,0.0
1519,0.03,19,0.0
1519,0.03,20,0.0
1519,0.03,21,0.0
1519,0.03,22,0.0
1519,0.03,23,0.0
1519,0.03,24,0.0
1519,0.03,25,0.0
1519,0.03,26,0.0
1519,0.03,27,0.0
1519,0.03,28,0.0
1519,0.03,29,0.0
1519,0.03,30,0.0
1519,0.03,31,0.0
1519,0.03,32,0.0
1519,0.03,33,0.0
1519,0.03,34,0.0
1519,0.03,35,0.0
1519,0.03,36,0.0
1519,0.03,37,0.0
1519,0.03,38,0.0
1519,0.03,39,0.0
1519,0.03,40,0.0
1519,0.03,41,0.0
1519,0.03,42,0.0
1519,0.03,43,0.0
1519,0.03,44,0.0
1519,0.03,45,0.0
1519,0.03,46,0.0
1519,0.03,47,0.0
1519,0.03,48,0.0
1519,0.03,49,0.0
1519,0.03,50,0.0
1519,0.03,51,0.0
1519,0.03,52,0.0
1519,0.03,53,0.0
1519,0.03,54,0.8571
1519,0.03,55,1.0
1519,0.03,56,1.0
1519,0.03,57,1.0
1519,0.03,58,1.0
1519,0.03,59,0.4286
1519,0.03,60,0.0
1519,0.03,61,0.0
1519,0.03,62,0.0
1519,0.03,63,0.0
1519,0.03,64,0.0
1519,0.03,65,0.0
1519,0.03,66,0.0
1519,0.03,67,0.0
1519,0.03,68,0.0
1519,0.03,69,0.1429
1519,0.03,70,0.8571
1519,0.03,71,0.0
1519,0.03,72,0.0
1519,0.03,73,0.0
1519,0.03,74,0.0
1519,0.03,75,0.0
1519,0.03,76,0.0
1519,0.03,77,0.0
1519,0.03,78,0.0
1519,0.03,79,0.0
1519,0.03,80,0.0
1519,0.03,81,0.0
1519,0.03,82,0.0
1519,0.03,83,0.0
1519,0.03,84,0.0
1519,0.03,85,0.0
1519,0.03,86,0.0
1519,0.03,87,0.0
1519,0.03,88,0.0
1519,0.03,89,0.0
1519,0.03,90,0.0
1519,0.03,91,0.0
1519,0.03,92,0.0
1519,0.03,93,0.0
1519,0.03,94,0.0
1519,0.03,95,0.0
1519,0.03,96,0.0
1519,0.03,97,0.0
1519,0.03,98,0.0
1519,0.03,99,0.0
1519,0.03,100,0.0
1519,0.03,101,0.0
1519,0.03,102,0.0
1519,0.03,103,0.0
1519,0.03,104,0.0
1519,0.03,105,0.0
1519,0.03,106,0.0
1519,0.03,107,0.0
1519,0.03,108,0.0
1519,0.03,109,0.5714
1519,0.03,110,0.125
1519,0.03,111,0.2857
1519,0.03,112,0.0
1519,0.03,113,0.0
1519,0.03,114,0.0
1519,0.03,115,0.0
1519,0.03,116,0.0
1519,0.03,117,0.0
1519,0.03,118,0.0
1519,0.03,119,0.0
1519,0.03,120,0.0
1519,0.03,121,0.0
1519,0.03,122,0.0
1519,0.03,123,0.0
1519,0.03,124,0.0
1519,0.03,125,0.0
1519,0.03,126,0.0
1519,0.03,127,0.0
1519,0.03,128,0.0
1519,0.03,129,0.0
1519,0.03,130,0.0
1519,0.03,131,0.0
1519,0.03,132,0.0
1519,0.03,133,0.0
1519,0.03,134,0.0
1519,0.03,135,0.0
1519,0.03,136,0.0
1519,0.03,137,0.0
1519,0.03,138,0.0
1519,0.03,139,0.0
1519,0.03,140,0.0
1519,0.03,141,0.0
1519,0.03,142,0.0
1519,0.03,143,0.0
1519,0.03,144,0.0
1519,0.03,145,0.0
1519,0.03,146,0.0
1519,0.03,147,0.0
1519,0.03,148,0.0
1519,0.03,149,0.0
1519,0.03,150,0.0
1519,0.03,151,0.0
1519,0.03,152,0.0
1519,0.03,153,0.0
1519,0.03,154,0.0
1519,0.03,155,0.0
1519,0.03,156,0.0
1519,0.03,157,0.0
1519,0.03,158,0.0
1519,0.03,159,0.0
1519,0.03,160,0.0
1519,0.03,161,0.0
1519,0.03,162,0.0
1519,0.03,163,0.0
1519,0.03,164,0.0
1519,0.03,165,0.0
1519,0.03,166,0.0
1519,0.03,167,0.0
1519,0.03,168,0.0
1519,0.03,169,0.0
1519,0.03,170,0.0
1519,0.03,171,0.0
1519,0.03,172,0.0
1519,0.03,173,0.0
1519,0.03,174,0.0
1519,0.03,175,0.0
1519,0.03,176,0.0
1519,0.03,177,0.0
1519,0.03,178,0.0
1519,0.03,179,0.0
1519,0.03,180,0.0
1519,0.03,181,0.0
1519,0.03,182,0.0
1519,0.03,183,0.0
1519,0.03,184,0.0
1519,0.03,185,0.0
1519,0.03,186,0.0
1519,0.03,187,0.0
1519,0.03,188,0.0
1519,0.03,189,0.0
1519,0.03,190,0.0
1519,0.03,191,0.0
1519,0.03,192,0.125
1519,0.03,193,0.0
1519,0.03,194,0.0
1519,0.03,195,0.0
1519,0.03,196,0.0
1519,0.03,197,0.0
1519,0.03,198,0.0
1519,0.03,199,0.0
1519,0.03,200,0.0
1519,0.03,201,0.0
1519,0.03,202,0.0
1519,0.03,203,0.0
1519,0.03,204,0.0
1519,0.03,205,0.1429
1519,0.03,206,0.0
1519,0.03,207,0.0
1519,0.03,208,0.0
1519,0.03,209,0.0
1519,0.03,210,0.0
1519,0.03,211,0.0
1519,0.03,212,0.0
1519,0.03,213,0.0
1519,0.03,214,0.0
1519,0.03,215,0.0
1519,0.03,216,0.0
1519,0.03,217,0.0
1519,0.03,218,0.0
1519,0.03,219,0.0
1519,0.03,220,0.0
1519,0.03,221,0.0
1519,0.03,222,0.0
1519,0.03,223,0.0
1519,0.03,224,0.0
1519,0.03,225,0.0
1519,0.03,226,0.2857
1519,0.03,227,0.0
1519,0.03,228,0.0
1519,0.03,229,0.0
1519,0.03,230,0.0
1519,0.03,231,0.0
1519,0.03,232,0.0
1519,0.03,233,0.0
1519,0.03,234,0.0
1519,0.03,235,0.0
1519,0.03,236,0.0
1519,0.03,237,0.0
1519,0.03,238,0.0
1519,0.03,239,0.0
1519,0.03,240,0.0
1519,0.03,241,0.0
1519,0.03,242,0.0
1519,0.03,243,0.0
1519,0.03,244,0.0
1519,0.03,245,0.0
1519,0.03,246,0.0
1519,0.03,247,0.0
1519,0.03,248,0.0
1519,0.03,249,0.0
1519,0.03,250,0.0
1519,0.03,251,0.0
1519,0.03,252,0.0
1519,0.03,253,0.0
1519,0.03,254,0.0
1519,0.03,255,0.0
1519,0.03,256,0.0
1519,0.03,257,0.0
1519,0.03,258,0.0
1519,0.03,259,0.0
1519,0.03,260,0.0
1519,0.03,261,0.0
1519,0.03,262,0.0
1519,0.03,263,0.0
1519,0.03,264,0.0
1519,0.03,265,0.0
1519,0.03,266,0.0
1519,0.03,267,0.5
1519,0.03,268,0.2857
1519,0.03,269,0.0
1519,0.03,270,0.0
1519,0.03,271,0.0
1519,0.03,272,0.0
1519,0.03,273,0.0
1519,0.03,274,0.0
1519,0.03,275,0.0
1519,0.03,276,0.0
1519,0.03,277,0.0
1519,0.03,278,0.0
1519,0.03,279,0.0
1519,0.03,280,0.0
1519,0.03,281,0.0
1519,0.03,282,0.0
1519,0.03,283,0.0
1519,0.03,284,0.0
1519,0.03,285,0.0
1519,0.03,286,0.0
1519,0.03,287,0.0
1519,0.03,288,0.0
1519,0.03,289,0.0
1519,0.03,290,0.0
1519,0.03,291,0.0
1519,0.03,292,0.0
1519,0.03,293,0.0
1519,0.03,294,0.0
1519,0.03,295,0.0
1519,0.03,296,0.0
1519,0.03,297,0.0
1519,0.03,298,0.0
1519,0.03,299,0.0
1519,0.03,300,0.0
1519,0.03,301,0.0
1519,0.03,302,0.0
1519,0.03,303,0.0
1519,0.03,304,0.0
1519,0.03,305,0.0
1519,0.03,306,0.0
1519,0.03,307,0.0
1519,0.03,308,0.0
1519,0.03,309,0.0
1519,0.03,310,0.0
1519,0.03,311,0.0
1519,0.03,312,0.0
1519,0.03,313,0.0
1519,0.03,314,0.0
1519,0.03,315,0.0
1519,0.03,316,0.0
1519,0.03,317,0.0
1519,0.03,318,0.0
1519,0.03,319,0.0
1519,0.03,320,0.0
1519,0.03,321,0.0
1519,0.03,322,0.0
1519,0.03,323,0.0
1519,0.03,324,0.0
1519,0.03,325,0.0
1519,0.03,326,0.0
1519,0.03,327,0.0
1519,0.03,328,0.0
1519,0.03,329,0.0
1519,0.03,330,0.0
1519,0.03,331,0.0
1519,0.03,332,0.0
1519,0.03,333,0.0
1519,0.03,334,0.0
1519,0.03,335,0.0
1519,0.03,336,0.0
1519,0.03,337,0.0
1519,0.03,338,0.0
1519,0.03,339,0.0
1519,0.03,340,0.0
1519,0.03,341,0.0
1519,0.03,342,0.0
1519,0.03,343,0.0
1519,0.03,344,0.0
1519,0.03,345,0.0
1519,0.03,346,0.0
1519,0.03,347,0.0
1519,0.03,348,0.0
1519,0.03,349,0.0
1519,0.03,350,0.0
1519,0.03,351,0.0
1519,0.03,352,0.0
1519,0.03,353,0.0
1519,0.03,354,0.0
1519,0.03,355,0.0
1519,0.03,356,0.0
1519,0.03,357,0.0
1519,0.03,358,0.0
1519,0.03,359,0.0
1519,0.03,360,0.0
1519,0.03,361,0.0
1519,0.03,362,0.0
1519,0.03,363,0.0
1519,0.03,364,0.0
1519,0.03,365,0.0
1519,0.03,366,0.0
1519,0.03,367,0.0
1519,0.03,368,0.0
1519,0.03,369,0.0
1519,0.03,370,0.0
1519,0.03,371,0.0
1519,0.03,372,0.0
1519,0.03,373,0.0
1519,0.03,374,0.0
1519,0.03,375,0.0
1519,0.03,376,0.0
1519,0.03,377,0.0
1519,0.03,378,0.0
1519,0.03,379,0.0
1519,0.03,380,0.0
1519,0.03,381,0.0
1519,0.03,382,0.0
1519,0.03,383,0.0
1519,0.03,384,0.0
1519,0.03,385,0.0
1519,0.03,386,0.0
1519,0.03,387,0.0
1519,0.03,388,0.0
1519,0.03,389,0.0
1519,0.03,390,0.0
1519,0.03,391,0.0
1519,0.03,392,0.0
1519,0.03,393,0.0
1519,0.03,394,0.0
1519,0.03,395,0.0
1519,0.03,396,0.0
1519,0.03,397,0.0
1519,0.03,398,0.0
1519,0.03,399,0.0
1519,0.03,400,0.0
1519,0.03,401,0.0
1519,0.03,402,0.0
1519,0.03,403,0.0
1519,0.03,404,0.0
1519,0.03,405,0.0
1519,0.03,406,0.0
1519,0.03,407,0.0
1519,0.03,408,0.0
1519,0.03,409,0.0
1519,0.03,410,0.0
1519,0.03,411,0.0
1519,0.03,412,0.0
1519,0.03,413,0.0
1519,0.03,414,0.0
1519,0.03,415,0.0
1519,0.03,416,0.0
1519,0.03,417,0.0
1519,0.03,418,0.0
1519,0.03,419,0.0
1519,0.03,420,0.0
1519,0.03,421,0.0
1519,0.03,422,0.0
1519,0.03,423,0.8571
1519,0.03,424,0.75
1519,0.03,425,0.2857
1519,0.03,426,0.0
1519,0.03,427,0.0
1519,0.03,428,0.0
1519,0.03,429,0.0
1519,0.03,430,0.0
1519,0.03,431,0.0
1519,0.03,432,0.0
1519,0.03,433,0.0
1519,0.03,434,0.0
1519,0.03,435,0.0
1519,0.03,436,0.0
1519,0.03,437,0.0
1519,0.03,438,0.0
1519,0.03,439,0.0
1519,0.03,440,0.0
1519,0.03,441,0.0
1519,0.03,442,0.0
1519,0.03,443,0.0
1519,0.03,444,0.0
1519,0.03,445,0.0
1519,0.03,446,0.25
1519,0.03,447,0.0
1519,0.03,448,0.0
1519,0.03,449,0.0
1519,0.03,450,0.0
1519,0.03,451,0.0
1519,0.03,452,0.0
1519,0.03,453,0.0
1519,0.03,454,0.0
1519,0.03,455,0.0
1519,0.03,456,0.0
1519,0.03,457,0.0
1519,0.03,458,0.0
1519,0.03,459,0.0
1519,0.03,460,0.0
1519,0.03,461,0.0
1519,0.03,462,0.0
1519,0.03,463,0.0
1519,0.03,464,0.0
1519,0.03,465,0.0
1519,0.03,466,0.0
1519,0.03,467,0.0
1519,0.03,468,0.0
1519,0.03,469,0.2857
1519,0.03,470,0.0
1519,0.03,471,0.0
1519,0.03,472,0.0
1519,0.03,473,0.0
1519,0.03,474,0.0
1519,0.03,475,0.0
1519,0.03,476,0.0
1519,0.03,477,0.0
1519,0.03,478,0.0
1519,0.03,479,0.0
1519,0.03,480,0.0
1519,0.03,481,0.0
1519,0.03,482,0.0
1519,0.03,483,0.0
1519,0.03,484,0.0
1519,0.03,485,0.0
1519,0.03,486,0.0
1519,0.03,487,0.0
1519,0.03,488,0.0
1519,0.03,489,0.0
1519,0.03,490,0.0
1519,0.03,491,0.0
1519,0.03,492,0.0
1519,0.03,493,0.0
1519,0.03,494,0.0
1519,0.03,495,0.0
1519,0.03,496,0.0
1519,0.03,497,0.0
1519,0.03,498,0.0
1519,0.03,499,0.0
1519,0.03,500,0.0
1519,0.03,501,0.0
1519,0.03,502,0.0
1519,0.03,503,0.0
1519,0.03,504,0.0
1519,0.03,505,0.0
1519,0.03,506,0.5
1519,0.03,507,0.0
1519,0.03,508,0.0
1519,0.03,509,0.0
1519,0.03,510,0.0
1519,0.03,511,0.0
1519,0.03,512,0.0
1519,0.03,513,0.0
1519,0.03,514,0.0
1519,0.03,515,0.0
1519,0.03,516,0.0
1519,0.03,517,0.0
1519,0.03,518,0.0
1519,0.03,519,0.0
1519,0.03,520,0.0
1519,0.03,521,0.0
1519,0.03,522,0.0
1519,0.03,523,0.0
1519,0.03,524,0.0
1519,0.03,525,0.0
1519,0.03,526,0.0
1519,0.03,527,0.0
1519,0.03,528,0.0
1519,0.03,529,0.0
1519,0.03,530,0.0
1519,0.03,531,0.0
1519,0.03,532,0.0
1519,0.03,533,0.0
1519,0.03,534,0.0
1519,0.03,535,0.0
1519,0.03,536,0.0
1519,0.03,537,0.0
1519,0.03,538,0.0
1519,0.03,539,0.0
1519,0.03,540,0.0
1519,0.03,541,0.0
1519,0.03,542,0.0
1519,0.03,543,0.0
1519,0.03,544,0.0
1519,0.03,545,0.0
1519,0.03,546,0.0
1519,0.03,547,0.0
1519,0.03,548,0.0
1519,0.03,549,0.0
1519,0.03,550,0.0
1519,0.03,551,0.0
1519,0.03,552,0.0
1519,0.03,553,0.0
1519,0.03,554,0.0
1519,0.03,555,0.0
1519,0.03,556,0.0
1519,0.03,557,0.0
1519,0.03,558,0.0
1519,0.03,559,0.0
1519,0.03,560,0.0
1519,0.03,561,0.0
1519,0.03,562,0.0
1519,0.03,563,0.0
1519,0.03,564,0.0
1519,0.03,565,0.0
1519,0.03,566,0.0
1519,0.03,567,0.0
1519,0.03,568,0.0
1519,0.03,569,0.0
1519,0.03,570,0.0
1519,0.03,571,0.0
1519,0.03,572,0.0
1519,0.03,573,0.0
1519,0.03,574,0.0
1519,0.03,575,0.0
1519,0.03,576,0.0
1519,0.03,577,0.0
1519,0.03,578,0.0
1519,0.03,579,0.0
1519,0.03,580,0.0
1519,0.03,581,0.0
1519,0.03,582,0.0
1519,0.03,583,0.0
1519,0.03,584,0.0
1519,0.03,585,0.0
1519,0.03,586,0.0
1519,0.03,587,0.0
1519,0.03,588,0.0
1519,0.03,589,0.0
1519,0.03,590,0.0
1519,0.03,591,0.0
1519,0.03,592,0.0
1519,0.03,593,0.0
1519,0.03,594,0.0
1519,0.03,595,0.0
1519,0.03,596,0.0
1519,0.03,597,0.0
1519,0.03,598,0.0
1519,0.03,599,0.0
1519,0.03,600,0.0
1519,0.03,601,0.0
1519,0.03,602,0.0
1519,0.03,603,0.0
1519,0.03,604,0.0
1519,0.03,605,0.0
1519,0.03,606,0.0
1519,0.03,607,0.0
1519,0.03,608,0.0
1519,0.03,609,0.0
1519,0.03,610,0.0
1519,0.03,611,0.0
1519,0.03,612,0.0
1519,0.03,613,0.0
1519,0.03,614,0.0
1519,0.03,615,0.8571
1519,0.03,616,1.0
1519,0.03,617,1.0
1519,0.03,618,0.4286
1519,0.03,619,1.0
1519,0.03,620,1.0
1519,0.03,621,1.0
1519,0.03,622,0.375
1519,0.03,623,0.0
1519,0.03,624,0.0
1519,0.03,625,0.0
1519,0.03,626,0.0
1519,0.03,627,0.0
1519,0.03,628,0.0
1519,0.03,629,0.0
1519,0.03,630,0.0
1519,0.03,631,0.0
1519,0.03,632,0.0
1519,0.03,633,0.0
1519,0.03,634,0.0
1519,0.03,635,0.1429
1519,0.03,636,0.0
1519,0.03,637,0.0
1519,0.03,638,0.0
1519,0.03,639,0.0
1519,0.03,640,0.0
1519,0.03,641,0.0
1519,0.03,642,0.0
1519,0.03,643,0.0
1519,0.03,644,0.0
1519,0.03,645,0.0
1519,0.03,646,0.0
1519,0.03,647,0.0
1519,0.03,648,0.0
1519,0.03,649,0.0
1519,0.03,650,0.0
1519,0.03,651,0.0
1519,0.03,652,0.0
1519,0.03,653,0.0
1519,0.03,654,0.0
1519,0.03,655,0.0
1519,0.03,656,0.0
1519,0.03,657,0.0
1519,0.03,658,0.0
1519,0.03,659,0.0
1519,0.03,660,0.0
1519,0.03,661,0.0
1519,0.03,662,0.0
1519,0.03,663,0.0
1519,0.03,664,0.0
1519,0.03,665,0.0
1519,0.03,666,0.0
1519,0.03,667,0.0
1519,0.03,668,0.0
1519,0.03,669,0.0
1519,0.03,670,0.0
1519,0.03,671,0.0
1519,0.03,672,0.0
1519,0.03,673,0.0
1519,0.03,674,0.0
1519,0.03,675,0.0
1519,0.03,676,0.0
1519,0.03,677,0.0
1519,0.03,678,0.0
1519,0.03,679,0.0
1519,0.03,680,0.0
1519,0.03,681,0.0
1519,0.03,682,0.0
1519,0.03,683,0.0
1519,0.03,684,0.0
1519,0.03,685,0.0
1519,0.03,686,0.0
1519,0.03,687,0.0
1519,0.03,688,0.0
1519,0.03,689,0.0
1519,0.03,690,0.0
1519,0.03,691,0.0
1519,0.03,692,0.0
1519,0.03,693,0.0
1519,0.03,694,0.0
1519,0.03,695,0.0
1519,0.03,696,0.0
1519,0.03,697,0.0
1519,0.03,698,0.0
1519,0.03,699,0.0
1519,0.03,700,0.0
1519,0.03,701,0.0
1519,0.03,702,0.0
1519,0.03,703,0.2857
1519,0.03,704,0.0
1519,0.03,705,0.0
1519,0.03,706,0.0
1519,0.03,707,0.0
1519,0.03,708,0.0
1519,0.03,709,0.0
1519,0.03,710,0.0
1519,0.03,711,0.0
1519,0.03,712,0.0
1519,0.03,713,0.0
1519,0.03,714,0.0
1519,0.03,715,0.0
1519,0.03,716,0.0
1519,0.03,717,0.0
1519,0.03,718,0.0
1519,0.03,719,0.0
1519,0.03,720,0.0
1519,0.03,721,0.0
1519,0.03,722,0.0
1519,0.03,723,0.0
1519,0.03,724,0.0
1519,0.03,725,0.0
1519,0.03,726,0.0
1519,0.03,727,0.0
1519,0.03,728,0.0
1519,0.03,729,0.0
1519,0.03,730,0.0
1519,0.03,731,0.0
1519,0.03,732,0.0
1519,0.03,733,0.0
1519,0.03,734,0.0
1519,0.03,735,0.0
1519,0.03,736,0.0
1519,0.03,737,0.0
1519,0.03,738,0.0
1519,0.03,739,0.0
1519,0.03,740,0.0
1519,0.03,741,0.0
1519,0.03,742,0.0
1519,0.03,743,0.0
1519,0.03,744,0.0
1519,0.03,745,0.0
1519,0.03,746,0.0
1519,0.03,747,0.0
1519,0.03,748,0.0
1519,0.03,749,0.0
1519,0.03,750,0.0
1519,0.03,751,0.0
1519,0.03,752,0.0
1519,0.03,753,0.0
1519,0.03,754,0.0
1519,0.03,755,0.0
1519,0.03,756,0.0
1519,0.03,757,0.0
1519,0.03,758,0.0
1519,0.03,759,0.0
1519,0.03,760,0.0
1519,0.03,761,0.0
1519,0.03,762,0.0
1519,0.03,763,0.0
1519,0.03,764,0.0
1519,0.03,765,0.0
1519,0.03,766,0.0
1519,0.03,767,0.0
1519,0.03,768,0.0
1519,0.03,769,0.0
1519,0.03,770,0.0
1519,0.03,771,0.0
1519,0.03,772,0.0
1519,0.03,773,0.0
1519,0.03,774,0.0
1519,0.03,775,0.2857
1519,0.03,776,0.875
1519,0.03,777,1.0
1519,0.03,778,0.4286
1519,0.03,779,0.25
1519,0.03,780,0.0
1519,0.03,781,0.0
1519,0.03,782,0.0
1519,0.03,783,0.0
1519,0.03,784,0.0
1519,0.03,785,0.0
1519,0.03,786,0.0
1519,0.03,787,0.125
1519,0.03,788,0.0
1519,0.03,789,0.0
1519,0.03,790,0.0
1519,0.03,791,0.0
1519,0.03,792,0.0
1519,0.03,793,0.0
1519,0.03,794,0.0
1519,0.03,795,0.0
1519,0.03,796,0.0
1519,0.03,797,0.0
1519,0.03,798,0.0
1519,0.03,799,0.0
1519,0.03,800,0.0
1519,0.03,801,0.0
1519,0.03,802,0.0
1519,0.03,803,0.0
1519,0.03,804,0.0
1519,0.03,805,0.0
1519,0.03,806,0.0
1519,0.03,807,0.0
1519,0.03,808,0.0
1519,0.03,809,0.0
1519,0.03,810,0.0
1519,0.03,811,0.0
1519,0.03,812,0.0
1519,0.03,813,0.0
1519,0.03,814,0.0
1519,0.03,815,0.0
1519,0.03,816,0.0
1519,0.03,817,0.0
1519,0.03,818,0.0
1519,0.03,819,0.0
1519,0.03,820,0.0
1519,0.03,821,0.0
1519,0.03,822,0.0
1519,0.03,823,0.0
1519,0.03,824,0.0
1519,0.03,825,0.0
1519,0.03,826,0.0
1519,0.03,827,0.0
1519,0.03,828,0.0
1519,0.03,829,0.0
1519,0.03,830,0.0
1519,0.03,831,0.0
1519,0.03,832,0.0
1519,0.03,833,0.0
1519,0.03,834,0.0
1519,0.03,835,0.0
1519,0.03,836,0.0
1519,0.03,837,0.0
1519,0.03,838,0.0
1519,0.03,839,0.0
1519,0.03,840,0.0
1519,0.03,841,0.2857
1519,0.03,842,0.0
1519,0.03,843,0.0
1519,0.03,844,0.0
1519,0.03,845,0.0
1519,0.03,846,0.0
1519,0.03,847,0.0
1519,0.03,848,0.0
1519,0.03,849,0.0
1519,0.03,850,0.0
1519,0.03,851,0.0
1519,0.03,852,0.0
1519,0.03,853,0.0
1519,0.03,854,0.0
1519,0.03,855,0.0
1519,0.03,856,0.0
1519,0.03,857,0.0
1519,0.03,858,0.0
1519,0.03,859,0.0
1519,0.03,860,0.0
1519,0.03,861,0.0
1519,0.03,862,0.0
1519,0.03,863,0.0
1519,0.03,864,0.0
1519,0.03,865,0.0
1519,0.03,866,0.0
1519,0.03,867,0.0
1519,0.03,868,0.0
1519,0.03,869,0.0
1519,0.03,870,0.0
1519,0.03,871,0.0
1519,0.03,872,0.0
1519,0.03,873,0.0
1519,0.03,874,0.0
1519,0.03,875,0.0
1519,0.03,876,0.0
1519,0.03,877,0.0
1519,0.03,878,0.0
1519,0.03,879,0.0
1519,0.03,880,0.0
1519,0.03,881,0.0
1519,0.03,882,0.0
1519,0.03,883,0.8571
1519,0.03,884,0.375
1519,0.03,885,0.0
1519,0.03,886,0.0
1519,0.03,887,0.0
1519,0.03,888,0.0
1519,0.03,889,0.0
1519,0.03,890,0.0
1519,0.03,891,0.0
1519,0.03,892,0.625
1519,0.03,893,0.4286
1519,0.03,894,0.5714
1519,0.03,895,1.0
1519,0.03,896,0.2857
1519,0.03,897,0.1429
1519,0.03,898,0.25
1519,0.03,899,0.0
1519,0.03,900,0.0
1519,0.03,901,0.0
1519,0.03,902,0.0
1519,0.03,903,0.0
1519,0.03,904,0.0
1519,0.03,905,0.0
1519,0.03,906,0.0
1519,0.03,907,0.0
1519,0.03,908,0.0
1519,0.03,909,0.0
1519,0.03,910,0.0
1519,0.03,911,0.0
1519,0.03,912,0.0
1519,0.03,913,0.0
1519,0.03,914,0.0
1519,0.03,915,0.0
1519,0.03,916,0.0
1519,0.03,917,0.0
1519,0.03,918,0.0
1519,0.03,919,0.0
1519,0.03,920,0.0
1519,0.03,921,0.0
1519,0.03,922,0.0
1519,0.03,923,0.0
1519,0.03,924,0.0
1519,0.03,925,0.0
1519,0.03,926,0.0
1519,0.03,927,0.0
1519,0.03,928,0.0
1519,0.03,929,0.0
1519,0.03,930,0.0
1519,0.03,931,0.0
1519,0.03,932,0.0
1519,0.03,933,0.0
1519,0.03,934,0.0
1519,0.03,935,0.0
1519,0.03,936,0.0
1519,0.03,937,0.0
1519,0.03,938,0.0
1519,0.03,939,0.0
1519,0.03,940,0.0
1519,0.03,941,0.0
1519,0.03,942,0.0
1519,0.03,943,0.0
1519,0.03,944,0.0
1519,0.03,945,0.0
1519,0.03,946,0.0
1519,0.03,947,0.0
1519,0.03,948,0.0
1519,0.03,949,0.0
1519,0.03,950,0.0
1519,0.03,951,0.0
1519,0.03,952,0.0
1519,0.03,953,0.0
1519,0.03,954,0.0
1519,0.03,955,0.0
1519,0.03,956,0.0
1519,0.03,957,0.0
1519,0.03,958,0.0
1519,0.03,959,0.0
1519,0.03,960,0.0
1519,0.03,961,0.0
1519,0.03,962,0.0
1519,0.03,963,0.0
1519,0.03,964,0.0
1519,0.03,965,0.0
1519,0.03,966,0.0
1519,0.03,967,0.0
1519,0.03,968,0.0
1519,0.03,969,0.0
1519,0.03,970,0.0
1519,0.03,971,0.0
1519,0.03,972,0.0
1519,0.03,973,0.0
1519,0.03,974,0.0
1519,0.03,975,0.0
1519,0.03,976,0.0
1519,0.03,977,0.0
1519,0.03,978,0.0
1519,0.03,979,0.0
1519,0.03,980,0.0
1519,0.03,981,0.0
1519,0.03,982,0.0
1519,0.03,983,0.0
1519,0.03,984,0.0
1519,0.03,985,0.0
1519,0.03,986,0.0
1519,0.03,987,0.0
1519,0.03,988,0.0
1519,0.03,989,0.0
1519,0.03,990,0.0
1519,0.03,991,0.0
1519,0.03,992,0.0
1519,0.03,993,0.0
1519,0.03,994,0.0
1519,0.03,995,0.0
1519,0.03,996,0.0
1519,0.03,997,0.0
1519,0.03,998,0.0
1519,0.03,999,0.0
1519,0.03,1000,0.0
1519,0.03,1001,0.0
1519,0.03,1002,0.0
1519,0.03,1003,0.0
1519,0.03,1004,0.0
1519,0.03,1005,0.0
1519,0.03,1006,0.0
1519,0.03,1007,0.0
1519,0.03,1008,0.0
1519,0.03,1009,0.0
1519,0.03,1010,0.0
1519,0.03,1011,0.0
1519,0.03,1012,0.0
1519,0.03,1013,0.0
1519,0.03,1014,0.0
1519,0.03,1015,0.0
1519,0.03,1016,0.0
1519,0.03,1017,0.0
1519,0.03,1018,0.5714
1519,0.03,1019,0.125
1519,0.03,1020,0.0
1519,0.03,1021,0.0
1519,0.03,1022,0.0
1519,0.03,1023,0.0
1519,0.03,1024,0.0
1519,0.03,1025,0.0
1519,0.03,1026,0.0
1519,0.03,1027,0.0
1519,0.03,1028,0.0
1519,0.03,1029,0.0
1519,0.03,1030,0.0
1519,0.03,1031,0.0
1519,0.03,1032,0.0
1519,0.03,1033,0.0
1519,0.03,1034,0.0
1519,0.03,1035,0.0
1519,0.03,1036,0.0
1519,0.03,1037,0.0
1519,0.03,1038,0.0
1519,0.03,1039,0.0
1519,0.03,1040,0.0
1519,0.03,1041,0.0
1519,0.03,1042,0.0
1519,0.03,1043,0.0
1519,0.03,1044,0.0
1519,0.03,1045,0.0
1519,0.03,1046,0.0
1519,0.03,1047,0.0
1519,0.03,1048,0.0
1519,0.03,1049,0.25
1519,0.03,1050,1.0
1519,0.03,1051,1.0
1519,0.03,1052,1.0
1519,0.03,1053,1.0
1519,0.03,1054,0.5714
1519,0.03,1055,0.625
1519,0.03,1056,0.0
1519,0.03,1057,0.0
1519,0.03,1058,0.0
1519,0.03,1059,0.0
1519,0.03,1060,0.0
1519,0.03,1061,0.0
1519,0.03,1062,0.0
1519,0.03,1063,0.0
1519,0.03,1064,0.0
1519,0.03,1065,0.0
1519,0.03,1066,0.0
1519,0.03,1067,0.0
1519,0.03,1068,0.0
1519,0.03,1069,0.0
1519,0.03,1070,0.2857
1519,0.03,1071,0.5
1519,0.03,1072,0.1429
1519,0.03,1073,1.0
1519,0.03,1074,1.0
1519,0.03,1075,1.0
1519,0.03,1076,1.0
1519,0.03,1077,1.0
1519,0.03,1078,1.0
1519,0.03,1079,1.0
1519,0.03,1080,1.0
1519,0.03,1081,1.0
1519,0.03,1082,0.375
1519,0.03,1083,0.0
1519,0.03,1084,0.0
1519,0.03,1085,0.0
1519,0.03,1086,0.0
1519,0.03,1087,0.0
1519,0.03,1088,0.0
1519,0.03,1089,0.0
1519,0.03,1090,0.0
1519,0.03,1091,0.0
1519,0.03,1092,0.0
1519,0.03,1093,0.0
1519,0.03,1094,0.0
1519,0.03,1095,0.0
1519,0.03,1096,0.0
1519,0.03,1097,0.0
1519,0.03,1098,0.0
1519,0.03,1099,0.0
1519,0.03,1100,0.0
1519,0.03,1101,0.0
1519,0.03,1102,0.0
1519,0.03,1103,0.0
1519,0.03,1104,0.0
1519,0.03,1105,0.0
1519,0.03,1106,0.0
1519,0.03,1107,0.0
1519,0.03,1108,0.8571
1519,0.03,1109,1.0
1519,0.03,1110,1.0
1519,0.03,1111,0.7143
1519,0.03,1112,0.625
1519,0.03,1113,0.0
1519,0.03,1114,0.0
1519,0.03,1115,0.0
1519,0.03,1116,0.0
1519,0.03,1117,0.0
1519,0.03,1118,0.0
1519,0.03,1119,0.0
1519,0.03,1120,0.0
1519,0.03,1121,0.0
1519,0.03,1122,0.0
1519,0.03,1123,0.0
1519,0.03,1124,0.0
1519,0.03,1125,0.0
1519,0.03,1126,0.0
1519,0.03,1127,0.0
1519,0.03,1128,0.0
1519,0.03,1129,0.0
1519,0.03,1130,0.0
1519,0.03,1131,0.0
1519,0.03,1132,0.0
1519,0.03,1133,0.0
1519,0.03,1134,0.0
1519,0.03,1135,0.0
1519,0.03,1136,0.0
1519,0.03,1137,0.0
1519,0.03,1138,0.0
1519,0.03,1139,0.0
1519,0.03,1140,0.0
1519,0.03,1141,0.0
1519,0.03,1142,0.0
1519,0.03,1143,0.0
1519,0.03,1144,0.0
1519,0.03,1145,0.0
1519,0.03,1146,0.0
1519,0.03,1147,0.0
1519,0.03,1148,0.0
1519,0.03,1149,0.0
1519,0.03,1150,0.0
1519,0.03,1151,0.0
1519,0.03,1152,0.0
1519,0.03,1153,0.0
1519,0.03,1154,0.0
1519,0.03,1155,0.0
1519,0.03,1156,0.0
1519,0.03,1157,0.0
1519,0.03,1158,0.0
1519,0.03,1159,0.0
1519,0.03,1160,0.0
1519,0.03,1161,0.0
1519,0.03,1162,0.0
1519,0.03,1163,0.0
1519,0.03,1164,0.0
1519,0.03,1165,0.0
1519,0.03,1166,0.0
1519,0.03,1167,0.0
1519,0.03,1168,0.0
1519,0.03,1169,0.0
1519,0.03,1170,0.0
1519,0.03,1171,0.0
1519,0.03,1172,0.0
1519,0.03,1173,0.0
1519,0.03,1174,0.0
1519,0.03,1175,0.0
1519,0.03,1176,0.0
1519,0.03,1177,0.0
1519,0.03,1178,0.0
1519,0.03,1179,0.0
1519,0.03,1180,0.0
1519,0.03,1181,0.0
1519,0.03,1182,0.0
1519,0.03,1183,0.0
1519,0.03,1184,0.0
1519,0.03,1185,0.0
1519,0.03,1186,0.0
1519,0.03,1187,0.0
1519,0.03,1188,0.0
1519,0.03,1189,0.0
1519,0.03,1190,0.0
1519,0.03,1191,0.0
1519,0.03,1192,0.0
1519,0.03,1193,0.0
1519,0.03,1194,0.0
1519,0.03,1195,0.0
1519,0.03,1196,0.0
1519,0.03,1197,0.0
1519,0.03,1198,0.0
1519,0.03,1199,0.0
1519,0.03,1200,0.0
1519,0.03,1201,0.0
1519,0.03,1202,0.0
1519,0.03,1203,0.0
1519,0.03,1204,0.0
1519,0.03,1205,0.0
1519,0.03,1206,0.0
1519,0.03,1207,0.0
1519,0.03,1208,0.0
1519,0.03,1209,0.0
1519,0.03,1210,0.0
1519,0.03,1211,0.0
1519,0.03,1212,0.0
1519,0.03,1213,0.0
1519,0.03,1214,0.0
1519,0.03,1215,0.0
1519,0.03,1216,0.0
1519,0.03,1217,0.0
1519,0.03,1218,0.0
1519,0.03,1219,0.0
1519,0.03,1220,0.0
1519,0.03,1221,0.0
1519,0.03,1222,0.0
1519,0.03,1223,0.0
1519,0.03,1224,0.0
1519,0.03,1225,0.0
1519,0.03,1226,0.0
1519,0.03,1227,0.0
1519,0.03,1228,0.0
1519,0.03,1229,0.0
1519,0.03,1230,0.0
1519,0.03,1231,0.0
1519,0.03,1232,0.0
1519,0.03,1233,0.0
1519,0.03,1234,0.0
1519,0.03,1235,0.0
1519,0.03,1236,0.0
1519,0.03,1237,0.0
1519,0.03,1238,0.0
1519,0.03,1239,0.0
1519,0.03,1240,0.0
1519,0.03,1241,0.0
1519,0.03,1242,0.0
1519,0.03,1243,0.0
1519,0.03,1244,0.0
1519,0.03,1245,0.0
1519,0.03,1246,0.0
1519,0.03,1247,0.0
1519,0.03,1248,0.0
1519,0.03,1249,0.0
1519,0.03,1250,0.0
1519,0.03,1251,0.0
1519,0.03,1252,0.0
1519,0.03,1253,0.0
1519,0.03,1254,0.0
1519,0.03,1255,0.0
1519,0.03,1256,0.0
1519,0.03,1257,0.0
1519,0.03,1258,0.0
1519,0.03,1259,0.0
1519,0.03,1260,0.0
1519,0.03,1261,0.0
1519,0.03,1262,0.0
1519,0.03,1263,0.0
1519,0.03,1264,0.0
1519,0.03,1265,0.0
1519,0.03,1266,0.0
1519,0.03,1267,0.0
1519,0.03,1268,0.0
1519,0.03,1269,0.0
1519,0.03,1270,0.0
1519,0.03,1271,0.0
1519,0.03,1272,0.0
1519,0.03,1273,0.0
1519,0.03,1274,0.0
1519,0.03,1275,0.0
1519,0.03,1276,0.0
1519,0.03,1277,0.0
1519,0.03,1278,0.0
1519,0.03,1279,0.0
1519,0.03,1280,0.0
1519,0.03,1281,0.0
1519,0.03,1282,0.0
1519,0.03,1283,0.0
1519,0.03,1284,0.0
1519,0.03,1285,0.0
1519,0.03,1286,0.0
1519,0.03,1287,0.0
1519,0.03,1288,0.0
1519,0.03,1289,0.0
1519,0.03,1290,0.0
1519,0.03,1291,0.0
1519,0.03,1292,0.0
1519,0.03,1293,0.0
1519,0.03,1294,0.0
1519,0.03,1295,0.0
1519,0.03,1296,0.0
1519,0.03,1297,0.0
1519,0.03,1298,0.0
1519,0.03,1299,0.0
1519,0.03,1300,0.0
1519,0.03,1301,0.0
1519,0.03,1302,0.0
1519,0.03,1303,0.0
1519,0.03,1304,0.0
1519,0.03,1305,0.0
1519,0.03,1306,0.0
1519,0.03,1307,0.0
1519,0.03,1308,0.0
1519,0.03,1309,0.0
1519,0.03,1310,0.0
1519,0.03,1311,0.0
1519,0.03,1312,0.0
1519,0.03,1313,0.0
1519,0.03,1314,0.0
1519,0.03,1315,0.0
1519,0.03,1316,0.0
1519,0.03,1317,0.0
1519,0.03,1318,0.0
1519,0.03,1319,0.0
1519,0.03,1320,0.0
1519,0.03,1321,0.0
1519,0.03,1322,0.0
1519,0.03,1323,0.0
1519,0.03,1324,0.0
1519,0.03,1325,0.0
1519,0.03,1326,0.0
1519,0.03,1327,0.0
1519,0.03,1328,0.0
1519,0.03,1329,0.0
1519,0.03,1330,0.0
1519,0.03,1331,0.0
1519,0.03,1332,0.0
1519,0.03,1333,0.125
1519,0.03,1334,0.7143
1519,0.03,1335,0.0
1519,0.03,1336,0.375
1519,0.03,1337,0.2857
1519,0.03,1338,0.0
1519,0.03,1339,0.0
1519,0.03,1340,0.0
1519,0.03,1341,0.0
1519,0.03,1342,0.0
1519,0.03,1343,0.0
1519,0.03,1344,0.125
1519,0.03,1345,0.0
1519,0.03,1346,0.0
1519,0.03,1347,0.0
1519,0.03,1348,0.0
1519,0.03,1349,0.0
1519,0.03,1350,0.0
1519,0.03,1351,0.0
1519,0.03,1352,0.0
1519,0.03,1353,0.0
1519,0.03,1354,0.0
1519,0.03,1355,0.0
1519,0.03,1356,0.0
1519,0.03,1357,0.0
1519,0.03,1358,0.0
1519,0.03,1359,0.0
1519,0.03,1360,0.0
1519,0.03,1361,0.0
1519,0.03,1362,0.0
1519,0.03,1363,0.0
1519,0.03,1364,0.0
1519,0.03,1365,0.0
1519,0.03,1366,0.0
1519,0.03,1367,0.0
1519,0.03,1368,0.0
1519,0.03,1369,0.0
1519,0.03,1370,0.0
1519,0.03,1371,0.0
1519,0.03,1372,0.0
1519,0.03,1373,0.0
1519,0.03,1374,0.0
1519,0.03,1375,0.0
1519,0.03,1376,0.0
1519,0.03,1377,0.0
1519,0.03,1378,0.0
1519,0.03,1379,0.0
1519,0.03,1380,0.0
1519,0.03,1381,0.0
1519,0.03,1382,0.0
1519,0.03,1383,0.0
1519,0.03,1384,0.0
1519,0.03,1385,0.0
1519,0.03,1386,0.0
1519,0.03,1387,0.0
1519,0.03,1388,0.0
1519,0.03,1389,0.0
1519,0.03,1390,0.0
1519,0.03,1391,0.0
1519,0.03,1392,0.0
1519,0.03,1393,0.0
1519,0.03,1394,0.0
1519,0.03,1395,0.0
1519,0.03,1396,0.0
1519,0.03,1397,0.0
1519,0.03,1398,0.0
1519,0.03,1399,0.0
1519,0.03,1400,0.0
1519,0.03,1401,0.0
1519,0.03,1402,0.0
1519,0.03,1403,0.0
1519,0.03,1404,0.0
1519,0.03,1405,0.0
1519,0.03,1406,0.0
1519,0.03,1407,0.0
1519,0.03,1408,0.0
1519,0.03,1409,0.0
1519,0.03,1410,0.0
1519,0.03,1411,0.0
1519,0.03,1412,0.0
1519,0.03,1413,0.0
1519,0.03,1414,0.0
1519,0.03,1415,0.0
1519,0.03,1416,0.0
1519,0.03,1417,0.0
1519,0.03,1418,0.0
1519,0.03,1419,0.0
1519,0.03,1420,0.0
1519,0.03,1421,0.0
1519,0.03,1422,0.0
1519,0.03,1423,0.0
1519,0.03,1424,0.0
1519,0.03,1425,0.0
1519,0.03,1426,0.0
1519,0.03,1427,0.0
1519,0.03,1428,0.0
1519,0.03,1429,0.0
1519,0.03,1430,0.0
1519,0.03,1431,0.0
1519,0.03,1432,0.0
1519,0.03,1433,0.0
1519,0.03,1434,0.0
1519,0.03,1435,0.0
1519,0.03,1436,0.0
1519,0.03,1437,0.0
1519,0.03,1438,0.0
1519,0.03,1439,0.0
1519,0.03,1440,0.0
1519,0.03,1441,0.0
1519,0.03,1442,0.0
1519,0.03,1443,0.0
1519,0.03,1444,0.0
1519,0.03,1445,0.0
1519,0.03,1446,0.0
1519,0.03,1447,0.0
1519,0.03,1448,0.0
1519,0.03,1449,0.0
1519,0.03,1450,0.0
1519,0.03,1451,0.0
1519,0.03,1452,0.0
1519,0.03,1453,0.0
1519,0.03,1454,0.125
1519,0.03,1455,0.0
1519,0.03,1456,0.0
1519,0.03,1457,0.0
1519,0.03,1458,0.0
1519,0.03,1459,0.0
1519,0.03,1460,0.0
1519,0.03,1461,0.0
1519,0.03,1462,0.0
1519,0.03,1463,0.0
1519,0.03,1464,0.0
1519,0.03,1465,0.0
1519,0.03,1466,0.0
1519,0.03,1467,0.0
1519,0.03,1468,0.0
1519,0.03,1469,0.0
1519,0.03,1470,0.0
1519,0.03,1471,0.0
1519,0.03,1472,0.0
1519,0.03,1473,0.0
1519,0.03,1474,0.0
1519,0.03,1475,0.0
1519,0.03,1476,0.0
1519,0.03,1477,0.0
1519,0.03,1478,0.0
1519,0.03,1479,0.0
1519,0.03,1480,0.0
1519,0.03,1481,0.0
1519,0.03,1482,0.0
1519,0.03,1483,0.4286
1519,0.03,1484,0.0
1519,0.03,1485,0.0
1519,0.03,1486,0.0
1519,0.03,1487,0.0
1519,0.03,1488,0.0
1519,0.03,1489,0.0
1519,0.03,1490,0.0
1519,0.03,1491,0.0
1519,0.03,1492,0.0
1519,0.03,1493,0.0
1519,0.03,1494,0.0
1519,0.03,1495,0.0
1519,0.03,1496,0.0
1519,0.03,1497,0.0
1519,0.03,1498,0.0
1519,0.03,1499,0.0
1519,0.03,1500,0.0
1519,0.03,1501,0.0
1519,0.03,1502,0.0
1519,0.03,1503,0.0
1519,0.03,1504,0.0
1519,0.03,1505,0.0
1519,0.03,1506,0.0
1519,0.03,1507,0.0
1519,0.03,1508,0.5714
1519,0.03,1509,0.375
1519,0.03,1510,0.0
1519,0.03,1511,0.0
1519,0.03,1512,0.0
1519,0.03,1513,0.0
1519,0.03,1514,0.0
1519,0.03,1515,0.0
1519,0.03,1516,0.0
1519,0.03,1517,0.0
1519,0.03,1518,0.0
1519,0.03,1519,0.0
1519,0.03,1520,0.0
1519,0.03,1521,0.0
1519,0.03,1522,0.0
1519,0.03,1523,0.0
1519,0.03,1524,0.0
1519,0.03,1525,0.0
1519,0.03,1526,0.0
1519,0.03,1527,0.0
1519,0.03,1528,0.125
1519,0.03,1529,0.0
1519,0.03,1530,0.0
1519,0.03,1531,0.0
1519,0.03,1532,0.0
1519,0.03,1533,0.0
1519,0.03,1534,0.0
1519,0.03,1535,0.0
1519,0.03,1536,0.0
1519,0.03,1537,0.0
1519,0.03,1538,0.0
1519,0.03,1539,0.0
1519,0.03,1540,0.0
1519,0.03,1541,0.0
1519,0.03,1542,0.0
1519,0.03,1543,0.0
1519,0.03,1544,0.0
1519,0.03,1545,0.0
1519,0.03,1546,0.0
1519,0.03,1547,0.0
1519,0.03,1548,0.0
1519,0.03,1549,0.0
1519,0.03,1550,0.0
1519,0.03,1551,0.0
1519,0.03,1552,0.0
1519,0.03,1553,0.0
1519,0.03,1554,0.0
1519,0.03,1555,0.0
1519,0.03,1556,0.0
1519,0.03,1557,0.0
1519,0.03,1558,0.0
1519,0.03,1559,0.0
1519,0.03,1560,0.0
1519,0.03,1561,0.0
1519,0.03,1562,0.0
1519,0.03,1563,0.0
1519,0.03,1564,0.0
1519,0.03,1565,0.0
1519,0.03,1566,0.0
1519,0.03,1567,0.0
1519,0.03,1568,0.0
1519,0.03,1569,0.0
1519,0.03,1570,0.0
1519,0.03,1571,0.0
1519,0.03,1572,0.0
1519,0.03,1573,0.0
1519,0.03,1574,0.0
1519,0.03,1575,0.0
1519,0.03,1576,0.0
1519,0.03,1577,0.0
1519,0.03,1578,0.0
1519,0.03,1579,0.0
1519,0.03,1580,0.0
1519,0.03,1581,0.0
1519,0.03,1582,0.0
1519,0.03,1583,0.0
1519,0.03,1584,0.0
1519,0.03,1585,0.0
1519,0.03,1586,0.0
1519,0.03,1587,0.0
1519,0.03,1588,0.0
1519,0.03,1589,0.0
1519,0.03,1590,0.0
1519,0.03,1591,0.0
1519,0.03,1592,0.0
1519,0.03,1593,0.0
1519,0.03,1594,0.0
1519,0.03,1595,0.0
1519,0.03,1596,0.0
1519,0.03,1597,0.0
1519,0.03,1598,0.0
1519,0.03,1599,0.0
1519,0.03,1600,0.0
1519,0.03,1601,0.0
1519,0.03,1602,0.0
1519,0.03,1603,0.0
1519,0.03,1604,0.0
1519,0.03,1605,0.0
1519,0.03,1606,0.0
1519,0.03,1607,0.0
1519,0.03,1608,0.0
1519,0.03,1609,0.0
1519,0.03,1610,0.1429
1519,0.03,1611,0.0
1519,0.03,1612,0.0
1519,0.03,1613,0.0
1519,0.03,1614,0.0
1519,0.03,1615,0.0
1519,0.03,1616,0.0
1519,0.03,1617,0.0
1519,0.03,1618,0.0
1519,0.03,1619,0.0
1519,0.03,1620,0.0
1519,0.03,1621,0.0
1519,0.03,1622,0.0
1519,0.03,1623,0.0
1519,0.03,1624,0.0
1519,0.03,1625,0.0
1519,0.03,1626,0.0
1519,0.03,1627,0.0
1519,0.03,1628,0.0
1519,0.03,1629,0.0
1519,0.03,1630,0.0
1519,0.03,1631,0.0
1519,0.03,1632,0.0
1519,0.03,1633,0.0
1519,0.03,1634,0.0
1519,0.03,1635,0.0
1519,0.03,1636,0.0
1519,0.03,1637,0.0
1519,0.03,1638,0.0
1519,0.03,1639,0.0
1519,0.03,1640,0.0
1519,0.03,1641,0.0
1519,0.03,1642,0.0
1519,0.03,1643,0.0
1519,0.03,1644,0.0
1519,0.03,1645,0.0
1519,0.03,1646,0.0
1519,0.03,1647,0.0
1519,0.03,1648,0.0
1519,0.03,1649,0.0
1519,0.03,1650,0.0
1519,0.03,1651,0.0
1519,0.03,1652,0.0
1519,0.03,1653,0.0
1519,0.03,1654,0.0
1519,0.03,1655,0.0
1519,0.03,1656,0.0
1519,0.03,1657,0.0
1519,0.03,1658,0.0
1519,0.03,1659,0.0
1519,0.03,1660,0.0
1519,0.03,1661,0.0
1519,0.03,1662,0.0
1519,0.03,1663,0.0
1519,0.03,1664,0.0
1519,0.03,1665,0.0
1519,0.03,1666,0.0
1519,0.03,1667,0.0
1519,0.03,1668,0.0
1519,0.03,1669,0.0
1519,0.03,1670,0.0
1519,0.03,1671,0.0
1519,0.03,1672,0.0
1519,0.03,1673,0.0
1519,0.03,1674,0.0
1519,0.03,1675,0.0
1519,0.03,1676,0.0
1519,0.03,1677,0.0
1519,0.03,1678,0.0
1519,0.03,1679,0.0
1519,0.03,1680,0.0
1519,0.03,1681,0.0
1519,0.03,1682,0.0
1519,0.03,1683,0.0
1519,0.03,1684,0.0
1519,0.03,1685,0.0
1519,0.03,1686,0.0
1519,0.03,1687,0.0
1519,0.03,1688,0.0
1519,0.03,1689,0.0
1519,0.03,1690,0.0
1519,0.03,1691,0.0
1519,0.03,1692,0.0
1519,0.03,1693,0.0
1519,0.03,1694,0.0
1519,0.03,1695,0.0
1519,0.03,1696,0.0
1519,0.03,1697,0.0
1519,0.03,1698,0.0
1519,0.03,1699,0.0
1519,0.03,1700,0.0
1519,0.03,1701,0.0
1519,0.03,1702,0.0
1519,0.03,1703,0.0
1519,0.03,1704,0.0
1519,0.03,1705,0.0
1519,0.03,1706,0.0
1519,0.03,1707,0.0
1519,0.03,1708,0.0
1519,0.03,1709,0.0
1519,0.03,1710,0.0
1519,0.03,1711,0.0
1519,0.03,1712,0.0
1519,0.03,1713,0.0
1519,0.03,1714,0.0
1519,0.03,1715,0.0
1519,0.03,1716,0.0
1519,0.03,1717,0.0
1519,0.03,1718,0.0
1519,0.03,1719,0.0
1519,0.03,1720,0.0
1519,0.03,1721,0.0
1519,0.03,1722,0.0
1519,0.03,1723,0.0
1519,0.03,1724,0.0
1519,0.03,1725,0.0
1519,0.03,1726,0.0
1519,0.03,1727,0.0
1519,0.03,1728,0.0
1519,0.03,1729,0.0
1519,0.03,1730,0.0
1519,0.03,1731,0.0
1519,0.03,1732,0.0
1519,0.03,1733,0.0
1519,0.03,1734,0.0
1519,0.03,1735,0.0
1519,0.03,1736,0.0
1519,0.03,1737,0.0
1519,0.03,1738,0.0
1519,0.03,1739,0.0
1519,0.03,1740,0.0
1519,0.03,1741,0.0
1519,0.03,1742,0.0
1519,0.03,1743,0.0
1519,0.03,1744,0.0
1519,0.03,1745,0.0
1519,0.03,1746,0.0
1519,0.03,1747,0.0
1519,0.03,1748,0.0
1519,0.03,1749,0.0
1519,0.03,1750,0.0
1519,0.03,1751,0.0
1519,0.03,1752,0.0
1519,0.03,1753,0.0
1519,0.03,1754,0.0
1519,0.03,1755,0.0
1519,0.03,1756,0.0
1519,0.03,1757,0.0
1519,0.03,1758,0.0
1519,0.03,1759,0.0
1519,0.03,1760,0.0
1519,0.03,1761,0.0
1519,0.03,1762,0.0
1519,0.03,1763,0.0
1519,0.03,1764,0.0
1519,0.03,1765,0.0
1519,0.03,1766,0.0
1519,0.03,1767,0.0
1519,0.03,1768,0.0
1519,0.03,1769,0.0
1519,0.03,1770,0.0
1519,0.03,1771,0.0
1519,0.03,1772,0.0
1519,0.03,1773,0.0
1519,0.03,1774,0.0
1519,0.03,1775,0.0
1519,0.03,1776,0.0
1519,0.03,1777,0.0
1519,0.03,1778,0.0
1519,0.03,1779,0.0
1519,0.03,1780,0.0
1519,0.03,1781,0.0
1519,0.03,1782,0.0
1519,0.03,1783,0.0
1519,0.03,1784,0.0
1519,0.03,1785,0.0
1519,0.03,1786,0.0
1519,0.03,1787,0.0
1519,0.03,1788,0.0
1519,0.03,1789,0.0
1519,0.03,1790,0.0
1519,0.03,1791,0.0
1519,0.03,1792,0.0
1519,0.03,1793,0.0
1519,0.03,1794,0.0
1519,0.03,1795,0.0
1519,0.03,1796,0.0
1519,0.03,1797,0.0
1519,0.03,1798,0.0
1519,0.03,1799,0.0
1519,0.03,1800,0.0
1519,0.03,1801,0.0
1519,0.03,1802,0.0
1519,0.03,1803,0.0
1519,0.03,1804,0.0
1519,0.03,1805,0.0
1519,0.03,1806,0.0
1519,0.03,1807,0.0
1519,0.03,1808,0.0
1519,0.03,1809,0.0
1519,0.03,1810,0.0
1519,0.03,1811,0.0
1519,0.03,1812,0.0
1519,0.03,1813,0.0
1519,0.03,1814,0.0
1519,0.03,1815,0.25
1519,0.03,1816,0.0
1519,0.03,1817,0.0
1519,0.03,1818,0.0
1519,0.03,1819,0.0
1519,0.03,1820,0.0
1519,0.03,1821,0.0
1519,0.03,1822,0.0
1519,0.03,1823,0.0
1519,0.03,1824,0.0
1519,0.03,1825,0.0
1519,0.03,1826,0.0
1519,0.03,1827,0.0
1519,0.03,1828,0.0
1519,0.03,1829,0.0
1519,0.03,1830,0.0
1519,0.03,1831,0.0
1519,0.03,1832,0.0
1519,0.03,1833,0.0
1519,0.03,1834,0.0
1519,0.03,1835,0.0
1519,0.03,1836,0.0
1519,0.03,1837,0.0
1519,0.03,1838,0.0
1519,0.03,1839,0.0
1519,0.03,1840,0.0
1519,0.03,1841,0.0
1519,0.03,1842,0.0
1519,0.03,1843,0.0
1519,0.03,1844,0.0
1519,0.03,1845,0.0
1519,0.03,1846,0.0
1519,0.03,1847,0.0
1519,0.03,1848,0.0
1519,0.03,1849,0.0
1519,0.03,1850,0.1429
1519,0.03,1851,0.25
1519,0.03,1852,0.0
1519,0.03,1853,0.0
1519,0.03,1854,0.0
1519,0.03,1855,0.1429
1519,0.03,1856,0.0
1519,0.03,1857,0.0
1519,0.03,1858,0.2857
1519,0.03,1859,0.0
1519,0.03,1860,0.0
1519,0.03,1861,0.0
1519,0.03,1862,0.0
1519,0.03,1863,0.0
1519,0.03,1864,0.0
1519,0.03,1865,0.0
1519,0.03,1866,0.0
1519,0.03,1867,0.0
1519,0.03,1868,0.7143
1519,0.03,1869,0.7143
1519,0.03,1870,0.0
1519,0.03,1871,0.0
1519,0.03,1872,0.1429
1519,0.03,1873,0.0
1519,0.03,1874,0.0
1519,0.03,1875,0.0
1519,0.03,1876,0.0
1519,0.03,1877,0.0
1519,0.03,1878,0.0
1519,0.03,1879,0.0
1519,0.03,1880,0.0
1519,0.03,1881,0.0
1519,0.03,1882,0.0
1519,0.03,1883,0.0
1519,0.03,1884,0.125
1519,0.03,1885,0.2857
1519,0.03,1886,0.0
1519,0.03,1887,0.0
1519,0.03,1888,0.0
1519,0.03,1889,0.0
1519,0.03,1890,0.0
1519,0.03,1891,0.0
1519,0.03,1892,0.0
1519,0.03,1893,0.0
1519,0.03,1894,0.0
1519,0.03,1895,0.0
1519,0.03,1896,0.1429
1519,0.03,1897,0.0
1519,0.03,1898,0.0
1519,0.03,1899,0.0
1519,0.03,1900,0.0
1519,0.03,1901,0.2857
1519,0.03,1902,0.0
1519,0.03,1903,0.0
1519,0.03,1904,0.0
1519,0.03,1905,0.0
1519,0.03,1906,0.0
1519,0.03,1907,0.0
1519,0.03,1908,0.0
1519,0.03,1909,0.0
1519,0.03,1910,0.0
1519,0.03,1911,0.0
1519,0.03,1912,0.0
1519,0.03,1913,0.0
1519,0.03,1914,0.0
1519,0.03,1915,0.0
1519,0.03,1916,0.0
1519,0.03,1917,0.0
1519,0.03,1918,0.0
1519,0.03,1919,0.0
1519,0.03,1920,0.0
1519,0.03,1921,0.0
1519,0.03,1922,0.0
1519,0.03,1923,0.0
1519,0.03,1924,0.0
1519,0.03,1925,0.0
1519,0.03,1926,0.0
1519,0.03,1927,0.0
1519,0.03,1928,0.0
1519,0.03,1929,0.0
1519,0.03,1930,0.0
1519,0.03,1931,0.0
1519,0.03,1932,0.7143
1519,0.03,1933,0.125
1519,0.03,1934,0.0
1519,0.03,1935,0.0
1519,0.03,1936,0.0
1519,0.03,1937,0.0
1519,0.03,1938,0.0
1519,0.03,1939,0.125
1519,0.03,1940,0.4286
1519,0.03,1941,0.2857
1519,0.03,1942,0.0
1519,0.03,1943,0.0
1519,0.03,1944,0.25
1519,0.03,1945,0.0
1519,0.03,1946,0.0
1519,0.03,1947,0.0
1519,0.03,1948,0.0
1519,0.03,1949,0.0
1519,0.03,1950,0.25
1519,0.03,1951,0.4286
1519,0.03,1952,0.1429
1519,0.03,1953,0.0
1519,0.03,1954,0.0
1519,0.03,1955,0.0
1519,0.03,1956,0.0
1519,0.03,1957,0.0
1519,0.03,1958,0.0
1519,0.03,1959,1.0
1519,0.03,1960,0.2857
1519,0.03,1961,0.0
1519,0.03,1962,0.0
1519,0.03,1963,0.0
1519,0.03,1964,0.0
1519,0.03,1965,0.0
1519,0.03,1966,0.0
1519,0.03,1967,0.2857
1519,0.03,1968,0.0
1519,0.03,1969,0.0
1519,0.03,1970,0.0
1519,0.03,1971,0.5714
1519,0.03,1972,0.0
1519,0.03,1973,0.0
1519,0.03,1974,0.0
1519,0.03,1975,0.25
1519,0.03,1976,0.1429
1519,0.03,1977,0.0
1519,0.03,1978,0.0
1519,0.03,1979,0.0
1519,0.03,1980,0.25
1519,0.03,1981,0.0
1519,0.03,1982,0.0
1519,0.03,1983,0.0
1519,0.03,1984,0.0
1519,0.03,1985,0.0
1519,0.03,1986,0.0
1519,0.03,1987,0.0
1519,0.03,1988,0.0
1519,0.03,1989,0.0
1519,0.03,1990,0.0
1519,0.03,1991,0.0
1519,0.03,1992,0.1429
1519,0.03,1993,0.5714
1519,0.03,1994,0.0
1519,0.03,1995,0.0
1519,0.03,1996,0.0
1519,0.03,1997,0.0
1519,0.03,1998,0.0
1519,0.03,1999,0.0
0754,0.2995,0,1.0
0754,0.2995,1,1.0
0754,0.2995,2,1.0
0754,0.2995,3,1.0
0754,0.2995,4,1.0
0754,0.2995,5,1.0
0754,0.2995,6,1.0
0754,0.2995,7,1.0
0754,0.2995,8,1.0
0754,0.2995,9,1.0
0754,0.2995,10,1.0
0754,0.2995,11,1.0
0754,0.2995,12,1.0
0754,0.2995,13,1.0
0754,0.2995,14,1.0
0754,0.2995,15,1.0
0754,0.2995,16,1.0
0754,0.2995,17,1.0
0754,0.2995,18,1.0
0754,0.2995,19,1.0
0754,0.2995,20,1.0
0754,0.2995,21,1.0
0754,0.2995,22,1.0
0754,0.2995,23,1.0
0754,0.2995,24,1.0
0754,0.2995,25,1.0
0754,0.2995,26,0.125
0754,0.2995,27,0.0
0754,0.2995,28,0.0
0754,0.2995,29,0.0
0754,0.2995,30,0.0
0754,0.2995,31,0.0
0754,0.2995,32,0.0
0754,0.2995,33,0.0
0754,0.2995,34,0.0
0754,0.2995,35,0.0
0754,0.2995,36,0.0
0754,0.2995,37,0.0
0754,0.2995,38,0.0
0754,0.2995,39,0.0
0754,0.2995,40,0.0
0754,0.2995,41,0.0
0754,0.2995,42,0.0
0754,0.2995,43,0.0
0754,0.2995,44,0.0
0754,0.2995,45,0.0
0754,0.2995,46,0.0
0754,0.2995,47,0.0
0754,0.2995,48,0.0
0754,0.2995,49,0.0
0754,0.2995,50,0.0
0754,0.2995,51,0.0
0754,0.2995,52,0.0
0754,0.2995,53,0.0
0754,0.2995,54,0.0
0754,0.2995,55,0.0
0754,0.2995,56,0.0
0754,0.2995,57,0.0
0754,0.2995,58,0.0
0754,0.2995,59,0.0
0754,0.2995,60,0.0
0754,0.2995,61,0.0
0754,0.2995,62,0.0
0754,0.2995,63,0.0
0754,0.2995,64,0.0
0754,0.2995,65,0.0
0754,0.2995,66,0.0
0754,0.2995,67,0.0
0754,0.2995,68,0.0
0754,0.2995,69,0.0
0754,0.2995,70,0.0
0754,0.2995,71,0.0
0754,0.2995,72,0.0
0754,0.2995,73,0.0
0754,0.2995,74,0.0
0754,0.2995,75,0.0
0754,0.2995,76,0.0
0754,0.2995,77,0.0
0754,0.2995,78,0.0
0754,0.2995,79,0.0
0754,0.2995,80,0.0
0754,0.2995,81,0.0
0754,0.2995,82,0.0
0754,0.2995,83,0.0
0754,0.2995,84,0.0
0754,0.2995,85,0.0
0754,0.2995,86,0.0
0754,0.2995,87,0.0
0754,0.2995,88,0.0
0754,0.2995,89,0.0
0754,0.2995,90,0.0
0754,0.2995,91,0.0
0754,0.2995,92,0.0
0754,0.2995,93,0.0
0754,0.2995,94,0.0
0754,0.2995,95,0.0
0754,0.2995,96,0.0
0754,0.2995,97,0.0
0754,0.2995,98,0.0
0754,0.2995,99,0.0
0754,0.2995,100,0.0
0754,0.2995,101,0.0
0754,0.2995,102,0.0
0754,0.2995,103,0.0
0754,0.2995,104,0.0
0754,0.2995,105,0.0
0754,0.2995,106,0.0
0754,0.2995,107,0.0
0754,0.2995,108,0.0
0754,0.2995,109,0.0
0754,0.2995,110,0.0
0754,0.2995,111,0.0
0754,0.2995,112,0.0
0754,0.2995,113,0.0
0754,0.2995,114,0.0
0754,0.2995,115,0.0
0754,0.2995,116,0.0
0754,0.2995,117,0.0
0754,0.2995,118,0.0
0754,0.2995,119,0.0
0754,0.2995,120,0.0
0754,0.2995,121,0.0
0754,0.2995,122,0.0
0754,0.2995,123,0.0
0754,0.2995,124,0.0
0754,0.2995,125,0.0
0754,0.2995,126,0.0
0754,0.2995,127,0.0
0754,0.2995,128,0.0
0754,0.2995,129,0.0
0754,0.2995,130,0.0
0754,0.2995,131,0.0
0754,0.2995,132,0.0
0754,0.2995,133,0.0
0754,0.2995,134,0.0
0754,0.2995,135,0.0
0754,0.2995,136,0.0
0754,0.2995,137,0.0
0754,0.2995,138,0.0
0754,0.2995,139,0.0
0754,0.2995,140,0.0
0754,0.2995,141,0.0
0754,0.2995,142,0.0
0754,0.2995,143,0.0
0754,0.2995,144,0.0
0754,0.2995,145,0.0
0754,0.2995,146,0.0
0754,0.2995,147,0.0
0754,0.2995,148,0.0
0754,0.2995,149,0.125
0754,0.2995,150,1.0
0754,0.2995,151,0.5714
0754,0.2995,152,0.25
0754,0.2995,153,0.375
0754,0.2995,154,0.625
0754,0.2995,155,0.875
0754,0.2995,156,0.75
0754,0.2995,157,1.0
0754,0.2995,158,1.0
0754,0.2995,159,1.0
0754,0.2995,160,1.0
0754,0.2995,161,1.0
0754,0.2995,162,1.0
0754,0.2995,163,1.0
0754,0.2995,164,1.0
0754,0.2995,165,1.0
0754,0.2995,166,1.0
0754,0.2995,167,1.0
0754,0.2995,168,1.0
0754,0.2995,169,1.0
0754,0.2995,170,1.0
0754,0.2995,171,1.0
0754,0.2995,172,1.0
0754,0.2995,173,1.0
0754,0.2995,174,1.0
0754,0.2995,175,1.0
0754,0.2995,176,0.7143
0754,0.2995,177,0.75
0754,0.2995,178,0.125
0754,0.2995,179,1.0
0754,0.2995,180,0.375
0754,0.2995,181,0.0
0754,0.2995,182,0.0
0754,0.2995,183,0.75
0754,0.2995,184,0.125
0754,0.2995,185,0.625
0754,0.2995,186,1.0
0754,0.2995,187,1.0
0754,0.2995,188,1.0
0754,0.2995,189,1.0
0754,0.2995,190,1.0
0754,0.2995,191,1.0
0754,0.2995,192,1.0
0754,0.2995,193,1.0
0754,0.2995,194,1.0
0754,0.2995,195,1.0
0754,0.2995,196,1.0
0754,0.2995,197,1.0
0754,0.2995,198,1.0
0754,0.2995,199,0.125
0754,0.2995,200,0.0
0754,0.2995,201,0.0
0754,0.2995,202,0.0
0754,0.2995,203,0.0
0754,0.2995,204,0.0
0754,0.2995,205,0.0
0754,0.2995,206,0.0
0754,0.2995,207,0.0
0754,0.2995,208,0.0
0754,0.2995,209,0.0
0754,0.2995,210,0.0
0754,0.2995,211,0.0
0754,0.2995,212,0.0
0754,0.2995,213,0.0
0754,0.2995,214,0.0
0754,0.2995,215,0.0
0754,0.2995,216,0.0
0754,0.2995,217,0.0
0754,0.2995,218,0.0
0754,0.2995,219,0.0
0754,0.2995,220,0.0
0754,0.2995,221,0.0
0754,0.2995,222,0.0
0754,0.2995,223,0.0
0754,0.2995,224,0.0
0754,0.2995,225,0.0
0754,0.2995,226,0.0
0754,0.2995,227,0.0
0754,0.2995,228,0.0
0754,0.2995,229,0.0
0754,0.2995,230,0.0
0754,0.2995,231,0.0
0754,0.2995,232,0.0
0754,0.2995,233,0.0
0754,0.2995,234,0.0
0754,0.2995,235,0.0
0754,0.2995,236,0.0
0754,0.2995,237,0.0
0754,0.2995,238,0.0
0754,0.2995,239,0.0
0754,0.2995,240,0.0
0754,0.2995,241,0.0
0754,0.2995,242,0.0
0754,0.2995,243,0.0
0754,0.2995,244,0.0
0754,0.2995,245,0.0
0754,0.2995,246,0.0
0754,0.2995,247,0.0
0754,0.2995,248,0.0
0754,0.2995,249,0.0
0754,0.2995,250,0.0
0754,0.2995,251,0.0
0754,0.2995,252,0.0
0754,0.2995,253,0.0
0754,0.2995,254,0.0
0754,0.2995,255,0.0
0754,0.2995,256,0.0
0754,0.2995,257,0.0
0754,0.2995,258,0.0
0754,0.2995,259,0.0
0754,0.2995,260,0.0
0754,0.2995,261,0.0
0754,0.2995,262,0.0
0754,0.2995,263,0.0
0754,0.2995,264,0.0
0754,0.2995,265,0.0
0754,0.2995,266,0.0
0754,0.2995,267,0.0
0754,0.2995,268,0.0
0754,0.2995,269,0.0
0754,0.2995,270,0.0
0754,0.2995,271,0.0
0754,0.2995,272,0.0
0754,0.2995,273,0.0
0754,0.2995,274,0.0
0754,0.2995,275,0.0
0754,0.2995,276,0.0
0754,0.2995,277,0.0
0754,0.2995,278,0.0
0754,0.2995,279,0.0
0754,0.2995,280,0.0
0754,0.2995,281,0.0
0754,0.2995,282,0.0
0754,0.2995,283,0.0
0754,0.2995,284,0.0
0754,0.2995,285,0.0
0754,0.2995,286,0.0
0754,0.2995,287,0.0
0754,0.2995,288,0.0
0754,0.2995,289,0.0
0754,0.2995,290,0.0
0754,0.2995,291,0.0
0754,0.2995,292,0.0
0754,0.2995,293,0.0
0754,0.2995,294,0.0
0754,0.2995,295,0.0
0754,0.2995,296,0.0
0754,0.2995,297,0.0
0754,0.2995,298,0.0
0754,0.2995,299,0.0
0754,0.2995,300,0.0
0754,0.2995,301,0.625
0754,0.2995,302,1.0
0754,0.2995,303,1.0
0754,0.2995,304,1.0
0754,0.2995,305,1.0
0754,0.2995,306,1.0
0754,0.2995,307,0.875
0754,0.2995,308,0.75
0754,0.2995,309,0.8571
0754,0.2995,310,0.875
0754,0.2995,311,0.625
0754,0.2995,312,1.0
0754,0.2995,313,0.625
0754,0.2995,314,0.0
0754,0.2995,315,0.0
0754,0.2995,316,0.0
0754,0.2995,317,0.0
0754,0.2995,318,0.0
0754,0.2995,319,0.0
0754,0.2995,320,0.0
0754,0.2995,321,0.0
0754,0.2995,322,0.0
0754,0.2995,323,0.0
0754,0.2995,324,0.0
0754,0.2995,325,0.0
0754,0.2995,326,0.0
0754,0.2995,327,0.0
0754,0.2995,328,0.0
0754,0.2995,329,0.0
0754,0.2995,330,0.0
0754,0.2995,331,0.0
0754,0.2995,332,0.0
0754,0.2995,333,0.0
0754,0.2995,334,0.0
0754,0.2995,335,0.0
0754,0.2995,336,0.0
0754,0.2995,337,0.0
0754,0.2995,338,0.0
0754,0.2995,339,0.0
0754,0.2995,340,0.0
0754,0.2995,341,0.0
0754,0.2995,342,0.0
0754,0.2995,343,0.0
0754,0.2995,344,0.0
0754,0.2995,345,0.0
0754,0.2995,346,0.0
0754,0.2995,347,0.0
0754,0.2995,348,0.125
0754,0.2995,349,0.25
0754,0.2995,350,0.125
0754,0.2995,351,0.0
0754,0.2995,352,0.375
0754,0.2995,353,0.2857
0754,0.2995,354,0.5
0754,0.2995,355,0.0
0754,0.2995,356,0.0
0754,0.2995,357,0.0
0754,0.2995,358,0.0
0754,0.2995,359,0.0
0754,0.2995,360,0.0
0754,0.2995,361,0.0
0754,0.2995,362,0.0
0754,0.2995,363,0.0
0754,0.2995,364,0.0
0754,0.2995,365,0.0
0754,0.2995,366,0.0
0754,0.2995,367,0.0
0754,0.2995,368,0.0
0754,0.2995,369,0.0
0754,0.2995,370,0.0
0754,0.2995,371,0.0
0754,0.2995,372,0.0
0754,0.2995,373,0.0
0754,0.2995,374,0.0
0754,0.2995,375,0.0
0754,0.2995,376,0.0
0754,0.2995,377,0.875
0754,0.2995,378,0.7143
0754,0.2995,379,0.0
0754,0.2995,380,0.0
0754,0.2995,381,0.75
0754,0.2995,382,1.0
0754,0.2995,383,1.0
0754,0.2995,384,0.4286
0754,0.2995,385,0.125
0754,0.2995,386,0.0
0754,0.2995,387,0.0
0754,0.2995,388,0.0
0754,0.2995,389,0.0
0754,0.2995,390,0.0
0754,0.2995,391,0.0
0754,0.2995,392,0.0
0754,0.2995,393,0.0
0754,0.2995,394,0.0
0754,0.2995,395,0.0
0754,0.2995,396,0.0
0754,0.2995,397,0.0
0754,0.2995,398,0.0
0754,0.2995,399,0.0
0754,0.2995,400,0.0
0754,0.2995,401,0.75
0754,0.2995,402,0.125
0754,0.2995,403,0.0
0754,0.2995,404,0.25
0754,0.2995,405,0.25
0754,0.2995,406,0.0
0754,0.2995,407,0.5
0754,0.2995,408,1.0
0754,0.2995,409,0.875
0754,0.2995,410,0.0
0754,0.2995,411,0.0
0754,0.2995,412,0.0
0754,0.2995,413,0.0
0754,0.2995,414,0.0
0754,0.2995,415,0.0
0754,0.2995,416,0.0
0754,0.2995,417,0.0
0754,0.2995,418,0.25
0754,0.2995,419,0.0
0754,0.2995,420,0.0
0754,0.2995,421,0.25
0754,0.2995,422,0.0
0754,0.2995,423,0.0
0754,0.2995,424,0.0
0754,0.2995,425,0.0
0754,0.2995,426,0.0
0754,0.2995,427,0.0
0754,0.2995,428,0.0
0754,0.2995,429,0.0
0754,0.2995,430,0.0
0754,0.2995,431,0.0
0754,0.2995,432,0.0
0754,0.2995,433,0.0
0754,0.2995,434,0.0
0754,0.2995,435,0.0
0754,0.2995,436,0.0
0754,0.2995,437,0.0
0754,0.2995,438,0.0
0754,0.2995,439,0.0
0754,0.2995,440,0.0
0754,0.2995,441,0.0
0754,0.2995,442,0.0
0754,0.2995,443,0.0
0754,0.2995,444,0.0
0754,0.2995,445,0.0
0754,0.2995,446,0.0
0754,0.2995,447,0.0
0754,0.2995,448,0.0
0754,0.2995,449,0.0
0754,0.2995,450,0.0
0754,0.2995,451,0.0
0754,0.2995,452,0.0
0754,0.2995,453,0.0
0754,0.2995,454,0.0
0754,0.2995,455,0.0
0754,0.2995,456,0.0
0754,0.2995,457,0.0
0754,0.2995,458,0.0
0754,0.2995,459,0.0
0754,0.2995,460,0.0
0754,0.2995,461,0.0
0754,0.2995,462,0.0
0754,0.2995,463,0.0
0754,0.2995,464,0.0
0754,0.2995,465,0.0
0754,0.2995,466,0.0
0754,0.2995,467,0.0
0754,0.2995,468,0.0
0754,0.2995,469,0.0
0754,0.2995,470,0.0
0754,0.2995,471,0.0
0754,0.2995,472,0.0
0754,0.2995,473,0.0
0754,0.2995,474,0.0
0754,0.2995,475,0.0
0754,0.2995,476,0.0
0754,0.2995,477,0.0
0754,0.2995,478,0.625
0754,0.2995,479,1.0
0754,0.2995,480,0.5
0754,0.2995,481,0.0
0754,0.2995,482,0.0
0754,0.2995,483,0.0
0754,0.2995,484,0.0
0754,0.2995,485,0.0
0754,0.2995,486,0.0
0754,0.2995,487,0.0
0754,0.2995,488,0.0
0754,0.2995,489,0.625
0754,0.2995,490,0.125
0754,0.2995,491,0.0
0754,0.2995,492,0.0
0754,0.2995,493,0.75
0754,0.2995,494,0.875
0754,0.2995,495,0.125
0754,0.2995,496,0.0
0754,0.2995,497,0.0
0754,0.2995,498,0.0
0754,0.2995,499,0.0
0754,0.2995,500,0.625
0754,0.2995,501,1.0
0754,0.2995,502,0.375
0754,0.2995,503,0.0
0754,0.2995,504,0.0
0754,0.2995,505,0.0
0754,0.2995,506,0.0
0754,0.2995,507,0.0
0754,0.2995,508,0.0
0754,0.2995,509,0.0
0754,0.2995,510,0.0
0754,0.2995,511,0.0
0754,0.2995,512,0.0
0754,0.2995,513,0.0
0754,0.2995,514,0.0
0754,0.2995,515,0.0
0754,0.2995,516,0.0
0754,0.2995,517,0.0
0754,0.2995,518,0.0
0754,0.2995,519,0.0
0754,0.2995,520,0.0
0754,0.2995,521,0.0
0754,0.2995,522,0.0
0754,0.2995,523,0.0
0754,0.2995,524,0.0
0754,0.2995,525,0.0
0754,0.2995,526,0.0
0754,0.2995,527,0.0
0754,0.2995,528,0.0
0754,0.2995,529,0.0
0754,0.2995,530,0.0
0754,0.2995,531,0.0
0754,0.2995,532,0.0
0754,0.2995,533,0.0
0754,0.2995,534,0.0
0754,0.2995,535,0.0
0754,0.2995,536,0.0
0754,0.2995,537,0.0
0754,0.2995,538,0.0
0754,0.2995,539,0.0
0754,0.2995,540,0.0
0754,0.2995,541,0.0
0754,0.2995,542,0.0
0754,0.2995,543,0.0
0754,0.2995,544,0.0
0754,0.2995,545,0.0
0754,0.2995,546,0.0
0754,0.2995,547,0.0
0754,0.2995,548,0.0
0754,0.2995,549,0.0
0754,0.2995,550,0.0
0754,0.2995,551,0.0
0754,0.2995,552,0.0
0754,0.2995,553,0.0
0754,0.2995,554,0.0
0754,0.2995,555,0.0
0754,0.2995,556,0.0
0754,0.2995,557,0.0
0754,0.2995,558,0.0
0754,0.2995,559,0.0
0754,0.2995,560,0.0
0754,0.2995,561,0.0
0754,0.2995,562,0.0
0754,0.2995,563,0.0
0754,0.2995,564,0.0
0754,0.2995,565,0.0
0754,0.2995,566,0.0
0754,0.2995,567,0.0
0754,0.2995,568,0.0
0754,0.2995,569,0.0
0754,0.2995,570,0.0
0754,0.2995,571,0.0
0754,0.2995,572,0.0
0754,0.2995,573,0.0
0754,0.2995,574,0.0
0754,0.2995,575,0.125
0754,0.2995,576,0.0
0754,0.2995,577,0.0
0754,0.2995,578,0.0
0754,0.2995,579,0.0
0754,0.2995,580,0.0
0754,0.2995,581,0.0
0754,0.2995,582,0.0
0754,0.2995,583,0.0
0754,0.2995,584,0.0
0754,0.2995,585,0.0
0754,0.2995,586,0.0
0754,0.2995,587,0.0
0754,0.2995,588,0.0
0754,0.2995,589,0.0
0754,0.2995,590,0.0
0754,0.2995,591,0.0
0754,0.2995,592,0.0
0754,0.2995,593,0.1429
0754,0.2995,594,1.0
0754,0.2995,595,1.0
0754,0.2995,596,1.0
0754,0.2995,597,0.625
0754,0.2995,598,0.0
0754,0.2995,599,0.0
0754,0.2995,600,0.0
0754,0.2995,601,0.0
0754,0.2995,602,0.0
0754,0.2995,603,0.0
0754,0.2995,604,0.0
0754,0.2995,605,0.2857
0754,0.2995,606,0.0
0754,0.2995,607,0.375
0754,0.2995,608,0.25
0754,0.2995,609,0.0
0754,0.2995,610,0.0
0754,0.2995,611,0.0
0754,0.2995,612,0.0
0754,0.2995,613,0.0
0754,0.2995,614,0.0
0754,0.2995,615,0.25
0754,0.2995,616,0.0
0754,0.2995,617,0.0
0754,0.2995,618,0.0
0754,0.2995,619,0.0
0754,0.2995,620,0.0
0754,0.2995,621,0.0
0754,0.2995,622,0.0
0754,0.2995,623,0.0
0754,0.2995,624,0.0
0754,0.2995,625,0.0
0754,0.2995,626,0.125
0754,0.2995,627,0.0
0754,0.2995,628,0.875
0754,0.2995,629,1.0
0754,0.2995,630,1.0
0754,0.2995,631,1.0
0754,0.2995,632,1.0
0754,0.2995,633,0.0
0754,0.2995,634,0.0
0754,0.2995,635,0.0
0754,0.2995,636,0.0
0754,0.2995,637,0.0
0754,0.2995,638,0.0
0754,0.2995,639,0.0
0754,0.2995,640,0.0
0754,0.2995,641,0.0
0754,0.2995,642,0.0
0754,0.2995,643,0.0
0754,0.2995,644,0.0
0754,0.2995,645,0.0
0754,0.2995,646,0.0
0754,0.2995,647,0.0
0754,0.2995,648,0.0
0754,0.2995,649,0.0
0754,0.2995,650,0.0
0754,0.2995,651,0.0
0754,0.2995,652,0.0
0754,0.2995,653,0.0
0754,0.2995,654,0.0
0754,0.2995,655,0.0
0754,0.2995,656,0.0
0754,0.2995,657,0.0
0754,0.2995,658,0.0
0754,0.2995,659,0.0
0754,0.2995,660,0.0
0754,0.2995,661,0.0
0754,0.2995,662,0.0
0754,0.2995,663,0.0
0754,0.2995,664,0.0
0754,0.2995,665,0.0
0754,0.2995,666,0.0
0754,0.2995,667,0.0
0754,0.2995,668,0.0
0754,0.2995,669,0.0
0754,0.2995,670,0.0
0754,0.2995,671,0.0
0754,0.2995,672,0.0
0754,0.2995,673,0.0
0754,0.2995,674,0.0
0754,0.2995,675,0.0
0754,0.2995,676,0.0
0754,0.2995,677,0.0
0754,0.2995,678,0.0
0754,0.2995,679,0.0
0754,0.2995,680,0.0
0754,0.2995,681,0.0
0754,0.2995,682,0.0
0754,0.2995,683,0.0
0754,0.2995,684,0.0
0754,0.2995,685,0.0
0754,0.2995,686,0.0
0754,0.2995,687,0.0
0754,0.2995,688,0.0
0754,0.2995,689,0.0
0754,0.2995,690,0.0
0754,0.2995,691,0.0
0754,0.2995,692,0.0
0754,0.2995,693,0.0
0754,0.2995,694,0.0
0754,0.2995,695,0.0
0754,0.2995,696,0.0
0754,0.2995,697,0.0
0754,0.2995,698,0.0
0754,0.2995,699,0.0
0754,0.2995,700,0.0
0754,0.2995,701,0.25
0754,0.2995,702,0.0
0754,0.2995,703,0.0
0754,0.2995,704,0.0
0754,0.2995,705,0.0
0754,0.2995,706,0.0
0754,0.2995,707,0.0
0754,0.2995,708,0.0
0754,0.2995,709,0.0
0754,0.2995,710,0.0
0754,0.2995,711,0.0
0754,0.2995,712,0.0
0754,0.2995,713,0.0
0754,0.2995,714,0.0
0754,0.2995,715,0.0
0754,0.2995,716,0.0
0754,0.2995,717,0.0
0754,0.2995,718,0.0
0754,0.2995,719,0.0
0754,0.2995,720,0.0
0754,0.2995,721,0.0
0754,0.2995,722,0.0
0754,0.2995,723,0.0
0754,0.2995,724,0.0
0754,0.2995,725,0.0
0754,0.2995,726,0.0
0754,0.2995,727,0.0
0754,0.2995,728,0.0
0754,0.2995,729,0.0
0754,0.2995,730,0.375
0754,0.2995,731,0.1429
0754,0.2995,732,0.0
0754,0.2995,733,0.0
0754,0.2995,734,0.25
0754,0.2995,735,0.25
0754,0.2995,736,0.0
0754,0.2995,737,0.0
0754,0.2995,738,0.0
0754,0.2995,739,0.0
0754,0.2995,740,0.0
0754,0.2995,741,0.0
0754,0.2995,742,0.0
0754,0.2995,743,0.0
0754,0.2995,744,0.0
0754,0.2995,745,0.0
0754,0.2995,746,0.0
0754,0.2995,747,0.0
0754,0.2995,748,0.0
0754,0.2995,749,0.0
0754,0.2995,750,0.0
0754,0.2995,751,0.0
0754,0.2995,752,0.375
0754,0.2995,753,0.0
0754,0.2995,754,0.0
0754,0.2995,755,0.0
0754,0.2995,756,0.25
0754,0.2995,757,0.0
0754,0.2995,758,0.0
0754,0.2995,759,0.0
0754,0.2995,760,0.0
0754,0.2995,761,0.0
0754,0.2995,762,0.0
0754,0.2995,763,0.0
0754,0.2995,764,0.0
0754,0.2995,765,0.0
0754,0.2995,766,0.0
0754,0.2995,767,0.0
0754,0.2995,768,0.0
0754,0.2995,769,0.0
0754,0.2995,770,0.0
0754,0.2995,771,0.0
0754,0.2995,772,0.0
0754,0.2995,773,0.0
0754,0.2995,774,0.0
0754,0.2995,775,0.0
0754,0.2995,776,0.0
0754,0.2995,777,0.0
0754,0.2995,778,0.0
0754,0.2995,779,0.0
0754,0.2995,780,0.0
0754,0.2995,781,0.0
0754,0.2995,782,0.0
0754,0.2995,783,0.0
0754,0.2995,784,0.0
0754,0.2995,785,0.0
0754,0.2995,786,0.0
0754,0.2995,787,0.0
0754,0.2995,788,0.0
0754,0.2995,789,0.0
0754,0.2995,790,0.0
0754,0.2995,791,0.0
0754,0.2995,792,0.0
0754,0.2995,793,0.0
0754,0.2995,794,0.0
0754,0.2995,795,0.0
0754,0.2995,796,0.0
0754,0.2995,797,0.0
0754,0.2995,798,0.0
0754,0.2995,799,0.0
0754,0.2995,800,0.0
0754,0.2995,801,0.0
0754,0.2995,802,0.0
0754,0.2995,803,0.0
0754,0.2995,804,0.0
0754,0.2995,805,0.0
0754,0.2995,806,0.0
0754,0.2995,807,0.0
0754,0.2995,808,0.0
0754,0.2995,809,0.0
0754,0.2995,810,0.0
0754,0.2995,811,0.0
0754,0.2995,812,0.0
0754,0.2995,813,0.0
0754,0.2995,814,0.0
0754,0.2995,815,0.0
0754,0.2995,816,0.0
0754,0.2995,817,0.0
0754,0.2995,818,0.0
0754,0.2995,819,0.0
0754,0.2995,820,0.0
0754,0.2995,821,0.0
0754,0.2995,822,0.0
0754,0.2995,823,0.0
0754,0.2995,824,0.0
0754,0.2995,825,0.0
0754,0.2995,826,0.0
0754,0.2995,827,0.0
0754,0.2995,828,0.0
0754,0.2995,829,0.0
0754,0.2995,830,0.0
0754,0.2995,831,0.0
0754,0.2995,832,0.0
0754,0.2995,833,0.0
0754,0.2995,834,0.0
0754,0.2995,835,0.0
0754,0.2995,836,0.0
0754,0.2995,837,0.0
0754,0.2995,838,0.0
0754,0.2995,839,0.0
0754,0.2995,840,0.0
0754,0.2995,841,0.0
0754,0.2995,842,0.0
0754,0.2995,843,0.0
0754,0.2995,844,0.0
0754,0.2995,845,0.0
0754,0.2995,846,0.0
0754,0.2995,847,0.0
0754,0.2995,848,0.0
0754,0.2995,849,0.0
0754,0.2995,850,0.0
0754,0.2995,851,0.0
0754,0.2995,852,0.0
0754,0.2995,853,0.0
0754,0.2995,854,0.0
0754,0.2995,855,0.0
0754,0.2995,856,0.0
0754,0.2995,857,0.0
0754,0.2995,858,0.0
0754,0.2995,859,0.0
0754,0.2995,860,0.0
0754,0.2995,861,0.0
0754,0.2995,862,0.0
0754,0.2995,863,0.0
0754,0.2995,864,0.0
0754,0.2995,865,0.0
0754,0.2995,866,0.0
0754,0.2995,867,0.0
0754,0.2995,868,0.0
0754,0.2995,869,0.0
0754,0.2995,870,0.0
0754,0.2995,871,0.0
0754,0.2995,872,0.0
0754,0.2995,873,0.0
0754,0.2995,874,0.0
0754,0.2995,875,0.0
0754,0.2995,876,0.0
0754,0.2995,877,0.0
0754,0.2995,878,0.0
0754,0.2995,879,0.0
0754,0.2995,880,0.0
0754,0.2995,881,0.0
0754,0.2995,882,0.0
0754,0.2995,883,0.0
0754,0.2995,884,0.0
0754,0.2995,885,0.0
0754,0.2995,886,0.0
0754,0.2995,887,0.0
0754,0.2995,888,0.0
0754,0.2995,889,0.0
0754,0.2995,890,0.0
0754,0.2995,891,0.0
0754,0.2995,892,0.0
0754,0.2995,893,0.0
0754,0.2995,894,0.0
0754,0.2995,895,0.0
0754,0.2995,896,0.0
0754,0.2995,897,0.0
0754,0.2995,898,0.0
0754,0.2995,899,0.0
0754,0.2995,900,0.0
0754,0.2995,901,0.0
0754,0.2995,902,0.0
0754,0.2995,903,0.0
0754,0.2995,904,0.0
0754,0.2995,905,0.0
0754,0.2995,906,0.0
0754,0.2995,907,0.0
0754,0.2995,908,0.0
0754,0.2995,909,0.0
0754,0.2995,910,0.0
0754,0.2995,911,0.0
0754,0.2995,912,0.0
0754,0.2995,913,0.0
0754,0.2995,914,0.0
0754,0.2995,915,0.0
0754,0.2995,916,0.0
0754,0.2995,917,0.0
0754,0.2995,918,0.0
0754,0.2995,919,0.0
0754,0.2995,920,0.0
0754,0.2995,921,0.0
0754,0.2995,922,0.0
0754,0.2995,923,0.0
0754,0.2995,924,0.0
0754,0.2995,925,0.0
0754,0.2995,926,0.0
0754,0.2995,927,0.0
0754,0.2995,928,0.0
0754,0.2995,929,0.0
0754,0.2995,930,0.0
0754,0.2995,931,0.0
0754,0.2995,932,0.0
0754,0.2995,933,0.0
0754,0.2995,934,0.0
0754,0.2995,935,0.0
0754,0.2995,936,0.0
0754,0.2995,937,0.0
0754,0.2995,938,0.0
0754,0.2995,939,0.0
0754,0.2995,940,0.0
0754,0.2995,941,0.0
0754,0.2995,942,0.0
0754,0.2995,943,0.0
0754,0.2995,944,0.0
0754,0.2995,945,0.0
0754,0.2995,946,0.0
0754,0.2995,947,0.0
0754,0.2995,948,0.0
0754,0.2995,949,0.0
0754,0.2995,950,0.0
0754,0.2995,951,0.0
0754,0.2995,952,0.0
0754,0.2995,953,0.0
0754,0.2995,954,0.0
0754,0.2995,955,0.0
0754,0.2995,956,0.0
0754,0.2995,957,0.0
0754,0.2995,958,0.0
0754,0.2995,959,0.0
0754,0.2995,960,0.0
0754,0.2995,961,0.0
0754,0.2995,962,0.0
0754,0.2995,963,0.0
0754,0.2995,964,0.0
0754,0.2995,965,0.0
0754,0.2995,966,0.0
0754,0.2995,967,0.0
0754,0.2995,968,0.0
0754,0.2995,969,0.0
0754,0.2995,970,0.0
0754,0.2995,971,0.0
0754,0.2995,972,0.0
0754,0.2995,973,0.0
0754,0.2995,974,0.0
0754,0.2995,975,0.0
0754,0.2995,976,0.0
0754,0.2995,977,0.0
0754,0.2995,978,0.0
0754,0.2995,979,0.0
0754,0.2995,980,0.0
0754,0.2995,981,0.0
0754,0.2995,982,0.0
0754,0.2995,983,0.0
0754,0.2995,984,0.0
0754,0.2995,985,0.0
0754,0.2995,986,0.0
0754,0.2995,987,0.0
0754,0.2995,988,0.0
0754,0.2995,989,0.0
0754,0.2995,990,0.0
0754,0.2995,991,0.0
0754,0.2995,992,0.0
0754,0.2995,993,0.0
0754,0.2995,994,0.0
0754,0.2995,995,0.0
0754,0.2995,996,0.0
0754,0.2995,997,0.0
0754,0.2995,998,0.0
0754,0.2995,999,0.0
0754,0.2995,1000,0.0
0754,0.2995,1001,0.0
0754,0.2995,1002,0.0
0754,0.2995,1003,0.0
0754,0.2995,1004,0.0
0754,0.2995,1005,0.0
0754,0.2995,1006,0.0
0754,0.2995,1007,0.0
0754,0.2995,1008,0.0
0754,0.2995,1009,0.0
0754,0.2995,1010,0.0
0754,0.2995,1011,0.0
0754,0.2995,1012,0.0
0754,0.2995,1013,0.0
0754,0.2995,1014,0.0
0754,0.2995,1015,0.0
0754,0.2995,1016,0.0
0754,0.2995,1017,0.0
0754,0.2995,1018,0.0
0754,0.2995,1019,0.0
0754,0.2995,1020,0.0
0754,0.2995,1021,0.0
0754,0.2995,1022,0.0
0754,0.2995,1023,0.0
0754,0.2995,1024,0.0
0754,0.2995,1025,0.0
0754,0.2995,1026,0.0
0754,0.2995,1027,0.0
0754,0.2995,1028,0.0
0754,0.2995,1029,0.0
0754,0.2995,1030,0.0
0754,0.2995,1031,0.0
0754,0.2995,1032,0.0
0754,0.2995,1033,0.0
0754,0.2995,1034,0.0
0754,0.2995,1035,0.0
0754,0.2995,1036,0.0
0754,0.2995,1037,0.0
0754,0.2995,1038,0.0
0754,0.2995,1039,0.0
0754,0.2995,1040,0.0
0754,0.2995,1041,0.0
0754,0.2995,1042,0.0
0754,0.2995,1043,0.0
0754,0.2995,1044,0.0
0754,0.2995,1045,0.0
0754,0.2995,1046,0.0
0754,0.2995,1047,0.0
0754,0.2995,1048,0.0
0754,0.2995,1049,0.0
0754,0.2995,1050,0.0
0754,0.2995,1051,0.0
0754,0.2995,1052,0.0
0754,0.2995,1053,0.0
0754,0.2995,1054,0.0
0754,0.2995,1055,0.0
0754,0.2995,1056,0.0
0754,0.2995,1057,0.0
0754,0.2995,1058,0.0
0754,0.2995,1059,0.0
0754,0.2995,1060,0.0
0754,0.2995,1061,0.0
0754,0.2995,1062,0.0
0754,0.2995,1063,0.0
0754,0.2995,1064,0.0
0754,0.2995,1065,0.0
0754,0.2995,1066,0.0
0754,0.2995,1067,1.0
0754,0.2995,1068,1.0
0754,0.2995,1069,0.75
0754,0.2995,1070,1.0
0754,0.2995,1071,1.0
0754,0.2995,1072,1.0
0754,0.2995,1073,1.0
0754,0.2995,1074,1.0
0754,0.2995,1075,1.0
0754,0.2995,1076,1.0
0754,0.2995,1077,1.0
0754,0.2995,1078,0.8571
0754,0.2995,1079,0.75
0754,0.2995,1080,0.75
0754,0.2995,1081,1.0
0754,0.2995,1082,1.0
0754,0.2995,1083,1.0
0754,0.2995,1084,0.875
0754,0.2995,1085,1.0
0754,0.2995,1086,1.0
0754,0.2995,1087,1.0
0754,0.2995,1088,1.0
0754,0.2995,1089,1.0
0754,0.2995,1090,1.0
0754,0.2995,1091,1.0
0754,0.2995,1092,1.0
0754,0.2995,1093,1.0
0754,0.2995,1094,1.0
0754,0.2995,1095,1.0
0754,0.2995,1096,1.0
0754,0.2995,1097,1.0
0754,0.2995,1098,1.0
0754,0.2995,1099,1.0
0754,0.2995,1100,1.0
0754,0.2995,1101,1.0
0754,0.2995,1102,1.0
0754,0.2995,1103,1.0
0754,0.2995,1104,1.0
0754,0.2995,1105,1.0
0754,0.2995,1106,1.0
0754,0.2995,1107,1.0
0754,0.2995,1108,1.0
0754,0.2995,1109,1.0
0754,0.2995,1110,1.0
0754,0.2995,1111,1.0
0754,0.2995,1112,1.0
0754,0.2995,1113,1.0
0754,0.2995,1114,1.0
0754,0.2995,1115,1.0
0754,0.2995,1116,1.0
0754,0.2995,1117,1.0
0754,0.2995,1118,1.0
0754,0.2995,1119,1.0
0754,0.2995,1120,1.0
0754,0.2995,1121,1.0
0754,0.2995,1122,1.0
0754,0.2995,1123,1.0
0754,0.2995,1124,1.0
0754,0.2995,1125,1.0
0754,0.2995,1126,1.0
0754,0.2995,1127,1.0
0754,0.2995,1128,1.0
0754,0.2995,1129,1.0
0754,0.2995,1130,1.0
0754,0.2995,1131,1.0
0754,0.2995,1132,1.0
0754,0.2995,1133,1.0
0754,0.2995,1134,1.0
0754,0.2995,1135,1.0
0754,0.2995,1136,1.0
0754,0.2995,1137,1.0
0754,0.2995,1138,1.0
0754,0.2995,1139,1.0
0754,0.2995,1140,1.0
0754,0.2995,1141,1.0
0754,0.2995,1142,1.0
0754,0.2995,1143,1.0
0754,0.2995,1144,1.0
0754,0.2995,1145,1.0
0754,0.2995,1146,1.0
0754,0.2995,1147,0.625
0754,0.2995,1148,1.0
0754,0.2995,1149,1.0
0754,0.2995,1150,1.0
0754,0.2995,1151,0.25
0754,0.2995,1152,0.5
0754,0.2995,1153,1.0
0754,0.2995,1154,1.0
0754,0.2995,1155,1.0
0754,0.2995,1156,1.0
0754,0.2995,1157,1.0
0754,0.2995,1158,1.0
0754,0.2995,1159,1.0
0754,0.2995,1160,1.0
0754,0.2995,1161,1.0
0754,0.2995,1162,1.0
0754,0.2995,1163,0.875
0754,0.2995,1164,1.0
0754,0.2995,1165,0.75
0754,0.2995,1166,1.0
0754,0.2995,1167,1.0
0754,0.2995,1168,0.75
0754,0.2995,1169,1.0
0754,0.2995,1170,1.0
0754,0.2995,1171,1.0
0754,0.2995,1172,1.0
0754,0.2995,1173,1.0
0754,0.2995,1174,1.0
0754,0.2995,1175,1.0
0754,0.2995,1176,1.0
0754,0.2995,1177,1.0
0754,0.2995,1178,1.0
0754,0.2995,1179,1.0
0754,0.2995,1180,1.0
0754,0.2995,1181,1.0
0754,0.2995,1182,1.0
0754,0.2995,1183,1.0
0754,0.2995,1184,1.0
0754,0.2995,1185,1.0
0754,0.2995,1186,1.0
0754,0.2995,1187,1.0
0754,0.2995,1188,1.0
0754,0.2995,1189,1.0
0754,0.2995,1190,1.0
0754,0.2995,1191,1.0
0754,0.2995,1192,1.0
0754,0.2995,1193,1.0
0754,0.2995,1194,1.0
0754,0.2995,1195,1.0
0754,0.2995,1196,1.0
0754,0.2995,1197,1.0
0754,0.2995,1198,1.0
0754,0.2995,1199,0.375
0754,0.2995,1200,0.125
0754,0.2995,1201,1.0
0754,0.2995,1202,1.0
0754,0.2995,1203,0.625
0754,0.2995,1204,0.875
0754,0.2995,1205,1.0
0754,0.2995,1206,1.0
0754,0.2995,1207,1.0
0754,0.2995,1208,1.0
0754,0.2995,1209,1.0
0754,0.2995,1210,1.0
0754,0.2995,1211,1.0
0754,0.2995,1212,1.0
0754,0.2995,1213,1.0
0754,0.2995,1214,0.375
0754,0.2995,1215,0.125
0754,0.2995,1216,0.375
0754,0.2995,1217,1.0
0754,0.2995,1218,1.0
0754,0.2995,1219,1.0
0754,0.2995,1220,1.0
0754,0.2995,1221,1.0
0754,0.2995,1222,1.0
0754,0.2995,1223,1.0
0754,0.2995,1224,1.0
0754,0.2995,1225,1.0
0754,0.2995,1226,1.0
0754,0.2995,1227,1.0
0754,0.2995,1228,1.0
0754,0.2995,1229,1.0
0754,0.2995,1230,1.0
0754,0.2995,1231,1.0
0754,0.2995,1232,1.0
0754,0.2995,1233,1.0
0754,0.2995,1234,1.0
0754,0.2995,1235,1.0
0754,0.2995,1236,1.0
0754,0.2995,1237,1.0
0754,0.2995,1238,1.0
0754,0.2995,1239,1.0
0754,0.2995,1240,1.0
0754,0.2995,1241,1.0
0754,0.2995,1242,1.0
0754,0.2995,1243,1.0
0754,0.2995,1244,1.0
0754,0.2995,1245,1.0
0754,0.2995,1246,1.0
0754,0.2995,1247,1.0
0754,0.2995,1248,1.0
0754,0.2995,1249,1.0
0754,0.2995,1250,1.0
0754,0.2995,1251,1.0
0754,0.2995,1252,1.0
0754,0.2995,1253,1.0
0754,0.2995,1254,0.875
0754,0.2995,1255,1.0
0754,0.2995,1256,0.875
0754,0.2995,1257,0.0
0754,0.2995,1258,0.0
0754,0.2995,1259,0.375
0754,0.2995,1260,0.0
0754,0.2995,1261,0.5714
0754,0.2995,1262,1.0
0754,0.2995,1263,1.0
0754,0.2995,1264,1.0
0754,0.2995,1265,1.0
0754,0.2995,1266,1.0
0754,0.2995,1267,1.0
0754,0.2995,1268,1.0
0754,0.2995,1269,0.875
0754,0.2995,1270,0.375
0754,0.2995,1271,0.5
0754,0.2995,1272,1.0
0754,0.2995,1273,1.0
0754,0.2995,1274,1.0
0754,0.2995,1275,1.0
0754,0.2995,1276,0.875
0754,0.2995,1277,1.0
0754,0.2995,1278,1.0
0754,0.2995,1279,0.5
0754,0.2995,1280,1.0
0754,0.2995,1281,1.0
0754,0.2995,1282,1.0
0754,0.2995,1283,1.0
0754,0.2995,1284,1.0
0754,0.2995,1285,1.0
0754,0.2995,1286,1.0
0754,0.2995,1287,1.0
0754,0.2995,1288,1.0
0754,0.2995,1289,1.0
0754,0.2995,1290,0.875
0754,0.2995,1291,1.0
0754,0.2995,1292,1.0
0754,0.2995,1293,1.0
0754,0.2995,1294,1.0
0754,0.2995,1295,1.0
0754,0.2995,1296,1.0
0754,0.2995,1297,1.0
0754,0.2995,1298,1.0
0754,0.2995,1299,1.0
0754,0.2995,1300,1.0
0754,0.2995,1301,1.0
0754,0.2995,1302,1.0
0754,0.2995,1303,1.0
0754,0.2995,1304,1.0
0754,0.2995,1305,1.0
0754,0.2995,1306,1.0
0754,0.2995,1307,1.0
0754,0.2995,1308,1.0
0754,0.2995,1309,1.0
0754,0.2995,1310,1.0
0754,0.2995,1311,1.0
0754,0.2995,1312,1.0
0754,0.2995,1313,1.0
0754,0.2995,1314,1.0
0754,0.2995,1315,1.0
0754,0.2995,1316,1.0
0754,0.2995,1317,1.0
0754,0.2995,1318,1.0
0754,0.2995,1319,1.0
0754,0.2995,1320,1.0
0754,0.2995,1321,1.0
0754,0.2995,1322,1.0
0754,0.2995,1323,1.0
0754,0.2995,1324,1.0
0754,0.2995,1325,1.0
0754,0.2995,1326,1.0
0754,0.2995,1327,1.0
0754,0.2995,1328,1.0
0754,0.2995,1329,1.0
0754,0.2995,1330,1.0
0754,0.2995,1331,1.0
0754,0.2995,1332,1.0
0754,0.2995,1333,1.0
0754,0.2995,1334,0.875
0754,0.2995,1335,1.0
0754,0.2995,1336,1.0
0754,0.2995,1337,1.0
0754,0.2995,1338,1.0
0754,0.2995,1339,1.0
0754,0.2995,1340,1.0
0754,0.2995,1341,1.0
0754,0.2995,1342,0.875
0754,0.2995,1343,1.0
0754,0.2995,1344,1.0
0754,0.2995,1345,1.0
0754,0.2995,1346,1.0
0754,0.2995,1347,1.0
0754,0.2995,1348,0.875
0754,0.2995,1349,0.5
0754,0.2995,1350,0.0
0754,0.2995,1351,0.0
0754,0.2995,1352,0.5
0754,0.2995,1353,1.0
0754,0.2995,1354,1.0
0754,0.2995,1355,0.75
0754,0.2995,1356,1.0
0754,0.2995,1357,1.0
0754,0.2995,1358,1.0
0754,0.2995,1359,1.0
0754,0.2995,1360,1.0
0754,0.2995,1361,1.0
0754,0.2995,1362,0.7143
0754,0.2995,1363,1.0
0754,0.2995,1364,1.0
0754,0.2995,1365,1.0
0754,0.2995,1366,1.0
0754,0.2995,1367,1.0
0754,0.2995,1368,1.0
0754,0.2995,1369,0.8571
0754,0.2995,1370,1.0
0754,0.2995,1371,1.0
0754,0.2995,1372,1.0
0754,0.2995,1373,1.0
0754,0.2995,1374,1.0
0754,0.2995,1375,1.0
0754,0.2995,1376,1.0
0754,0.2995,1377,1.0
0754,0.2995,1378,1.0
0754,0.2995,1379,1.0
0754,0.2995,1380,1.0
0754,0.2995,1381,1.0
0754,0.2995,1382,1.0
0754,0.2995,1383,1.0
0754,0.2995,1384,1.0
0754,0.2995,1385,1.0
0754,0.2995,1386,1.0
0754,0.2995,1387,1.0
0754,0.2995,1388,1.0
0754,0.2995,1389,1.0
0754,0.2995,1390,1.0
0754,0.2995,1391,1.0
0754,0.2995,1392,1.0
0754,0.2995,1393,1.0
0754,0.2995,1394,1.0
0754,0.2995,1395,0.75
0754,0.2995,1396,0.0
0754,0.2995,1397,0.0
0754,0.2995,1398,0.125
0754,0.2995,1399,1.0
0754,0.2995,1400,1.0
0754,0.2995,1401,1.0
0754,0.2995,1402,1.0
0754,0.2995,1403,0.875
0754,0.2995,1404,1.0
0754,0.2995,1405,1.0
0754,0.2995,1406,1.0
0754,0.2995,1407,1.0
0754,0.2995,1408,1.0
0754,0.2995,1409,0.875
0754,0.2995,1410,0.125
0754,0.2995,1411,0.0
0754,0.2995,1412,0.125
0754,0.2995,1413,0.7143
0754,0.2995,1414,1.0
0754,0.2995,1415,1.0
0754,0.2995,1416,1.0
0754,0.2995,1417,1.0
0754,0.2995,1418,1.0
0754,0.2995,1419,1.0
0754,0.2995,1420,1.0
0754,0.2995,1421,1.0
0754,0.2995,1422,0.875
0754,0.2995,1423,1.0
0754,0.2995,1424,1.0
0754,0.2995,1425,1.0
0754,0.2995,1426,1.0
0754,0.2995,1427,0.875
0754,0.2995,1428,1.0
0754,0.2995,1429,1.0
0754,0.2995,1430,1.0
0754,0.2995,1431,1.0
0754,0.2995,1432,1.0
0754,0.2995,1433,1.0
0754,0.2995,1434,1.0
0754,0.2995,1435,1.0
0754,0.2995,1436,1.0
0754,0.2995,1437,1.0
0754,0.2995,1438,1.0
0754,0.2995,1439,1.0
0754,0.2995,1440,1.0
0754,0.2995,1441,1.0
0754,0.2995,1442,1.0
0754,0.2995,1443,1.0
0754,0.2995,1444,1.0
0754,0.2995,1445,1.0
0754,0.2995,1446,1.0
0754,0.2995,1447,1.0
0754,0.2995,1448,1.0
0754,0.2995,1449,1.0
0754,0.2995,1450,1.0
0754,0.2995,1451,1.0
0754,0.2995,1452,1.0
0754,0.2995,1453,0.375
0754,0.2995,1454,0.0
0754,0.2995,1455,0.0
0754,0.2995,1456,0.125
0754,0.2995,1457,1.0
0754,0.2995,1458,1.0
0754,0.2995,1459,1.0
0754,0.2995,1460,1.0
0754,0.2995,1461,0.25
0754,0.2995,1462,0.0
0754,0.2995,1463,0.0
0754,0.2995,1464,0.5
0754,0.2995,1465,1.0
0754,0.2995,1466,0.875
0754,0.2995,1467,0.75
0754,0.2995,1468,1.0
0754,0.2995,1469,1.0
0754,0.2995,1470,1.0
0754,0.2995,1471,1.0
0754,0.2995,1472,1.0
0754,0.2995,1473,1.0
0754,0.2995,1474,1.0
0754,0.2995,1475,1.0
0754,0.2995,1476,1.0
0754,0.2995,1477,1.0
0754,0.2995,1478,1.0
0754,0.2995,1479,1.0
0754,0.2995,1480,1.0
0754,0.2995,1481,1.0
0754,0.2995,1482,1.0
0754,0.2995,1483,1.0
0754,0.2995,1484,1.0
0754,0.2995,1485,1.0
0754,0.2995,1486,1.0
0754,0.2995,1487,1.0
0754,0.2995,1488,1.0
0754,0.2995,1489,1.0
0754,0.2995,1490,1.0
0754,0.2995,1491,1.0
0754,0.2995,1492,1.0
0754,0.2995,1493,1.0
0754,0.2995,1494,1.0
0754,0.2995,1495,1.0
0754,0.2995,1496,1.0
0754,0.2995,1497,1.0
0754,0.2995,1498,1.0
0754,0.2995,1499,1.0
0754,0.2995,1500,1.0
0754,0.2995,1501,1.0
0754,0.2995,1502,1.0
0754,0.2995,1503,1.0
0754,0.2995,1504,1.0
0754,0.2995,1505,1.0
0754,0.2995,1506,1.0
0754,0.2995,1507,1.0
0754,0.2995,1508,1.0
0754,0.2995,1509,1.0
0754,0.2995,1510,1.0
0754,0.2995,1511,1.0
0754,0.2995,1512,1.0
0754,0.2995,1513,1.0
0754,0.2995,1514,1.0
0754,0.2995,1515,1.0
0754,0.2995,1516,1.0
0754,0.2995,1517,1.0
0754,0.2995,1518,1.0
0754,0.2995,1519,1.0
0754,0.2995,1520,0.8571
0754,0.2995,1521,0.0
0754,0.2995,1522,0.5
0754,0.2995,1523,0.75
0754,0.2995,1524,1.0
0754,0.2995,1525,1.0
0754,0.2995,1526,1.0
0754,0.2995,1527,1.0
0754,0.2995,1528,0.875
0754,0.2995,1529,1.0
0754,0.2995,1530,1.0
0754,0.2995,1531,1.0
0754,0.2995,1532,1.0
0754,0.2995,1533,1.0
0754,0.2995,1534,0.5
0754,0.2995,1535,0.0
0754,0.2995,1536,0.125
0754,0.2995,1537,1.0
0754,0.2995,1538,1.0
0754,0.2995,1539,1.0
0754,0.2995,1540,1.0
0754,0.2995,1541,1.0
0754,0.2995,1542,0.0
0754,0.2995,1543,0.0
0754,0.2995,1544,0.0
0754,0.2995,1545,0.0
0754,0.2995,1546,0.0
0754,0.2995,1547,0.0
0754,0.2995,1548,0.0
0754,0.2995,1549,0.0
0754,0.2995,1550,0.0
0754,0.2995,1551,0.0
0754,0.2995,1552,0.0
0754,0.2995,1553,0.0
0754,0.2995,1554,0.0
0754,0.2995,1555,0.0
0754,0.2995,1556,0.0
0754,0.2995,1557,0.0
0754,0.2995,1558,0.0
0754,0.2995,1559,0.0
0754,0.2995,1560,0.0
0754,0.2995,1561,0.0
0754,0.2995,1562,0.0
0754,0.2995,1563,0.0
0754,0.2995,1564,0.0
0754,0.2995,1565,0.0
0754,0.2995,1566,0.0
0754,0.2995,1567,0.0
0754,0.2995,1568,0.0
0754,0.2995,1569,0.0
0754,0.2995,1570,0.0
0754,0.2995,1571,0.0
0754,0.2995,1572,0.0
0754,0.2995,1573,0.0
0754,0.2995,1574,0.0
0754,0.2995,1575,0.0
0754,0.2995,1576,0.0
0754,0.2995,1577,0.0
0754,0.2995,1578,0.0
0754,0.2995,1579,0.0
0754,0.2995,1580,0.0
0754,0.2995,1581,0.0
0754,0.2995,1582,0.0
0754,0.2995,1583,0.0
0754,0.2995,1584,0.0
0754,0.2995,1585,0.0
0754,0.2995,1586,0.0
0754,0.2995,1587,0.0
0754,0.2995,1588,0.0
0754,0.2995,1589,0.0
0754,0.2995,1590,0.0
0754,0.2995,1591,0.0
0754,0.2995,1592,0.0
0754,0.2995,1593,0.0
0754,0.2995,1594,0.0
0754,0.2995,1595,0.0
0754,0.2995,1596,0.0
0754,0.2995,1597,0.0
0754,0.2995,1598,0.0
0754,0.2995,1599,0.0
0754,0.2995,1600,0.0
0754,0.2995,1601,0.0
0754,0.2995,1602,0.0
0754,0.2995,1603,0.0
0754,0.2995,1604,0.0
0754,0.2995,1605,0.0
0754,0.2995,1606,0.0
0754,0.2995,1607,0.0
0754,0.2995,1608,0.0
0754,0.2995,1609,0.0
0754,0.2995,1610,0.0
0754,0.2995,1611,0.0
0754,0.2995,1612,0.0
0754,0.2995,1613,0.0
0754,0.2995,1614,0.0
0754,0.2995,1615,0.0
0754,0.2995,1616,0.0
0754,0.2995,1617,0.0
0754,0.2995,1618,0.0
0754,0.2995,1619,0.0
0754,0.2995,1620,0.0
0754,0.2995,1621,0.0
0754,0.2995,1622,0.0
0754,0.2995,1623,0.0
0754,0.2995,1624,0.0
0754,0.2995,1625,0.0
0754,0.2995,1626,0.0
0754,0.2995,1627,0.0
0754,0.2995,1628,0.0
0754,0.2995,1629,0.0
0754,0.2995,1630,0.0
0754,0.2995,1631,0.0
0754,0.2995,1632,0.0
0754,0.2995,1633,0.0
0754,0.2995,1634,0.0
0754,0.2995,1635,0.0
0754,0.2995,1636,0.0
0754,0.2995,1637,0.0
0754,0.2995,1638,0.0
0754,0.2995,1639,0.0
0754,0.2995,1640,0.0
0754,0.2995,1641,0.0
0754,0.2995,1642,0.0
0754,0.2995,1643,0.0
0754,0.2995,1644,0.0
0754,0.2995,1645,0.0
0754,0.2995,1646,0.0
0754,0.2995,1647,0.0
0754,0.2995,1648,0.0
0754,0.2995,1649,0.0
0754,0.2995,1650,0.0
0754,0.2995,1651,0.0
0754,0.2995,1652,0.0
0754,0.2995,1653,0.0
0754,0.2995,1654,0.0
0754,0.2995,1655,0.0
0754,0.2995,1656,0.0
0754,0.2995,1657,0.0
0754,0.2995,1658,0.0
0754,0.2995,1659,0.0
0754,0.2995,1660,0.0
0754,0.2995,1661,0.0
0754,0.2995,1662,0.0
0754,0.2995,1663,0.0
0754,0.2995,1664,0.0
0754,0.2995,1665,0.0
0754,0.2995,1666,0.0
0754,0.2995,1667,0.0
0754,0.2995,1668,0.0
0754,0.2995,1669,0.0
0754,0.2995,1670,0.0
0754,0.2995,1671,0.0
0754,0.2995,1672,0.0
0754,0.2995,1673,0.0
0754,0.2995,1674,0.0
0754,0.2995,1675,0.0
0754,0.2995,1676,0.0
0754,0.2995,1677,0.0
0754,0.2995,1678,0.0
0754,0.2995,1679,0.0
0754,0.2995,1680,0.0
0754,0.2995,1681,0.0
0754,0.2995,1682,0.0
0754,0.2995,1683,0.0
0754,0.2995,1684,0.0
0754,0.2995,1685,0.0
0754,0.2995,1686,0.0
0754,0.2995,1687,0.0
0754,0.2995,1688,0.0
0754,0.2995,1689,0.0
0754,0.2995,1690,0.0
0754,0.2995,1691,0.0
0754,0.2995,1692,0.0
0754,0.2995,1693,0.0
0754,0.2995,1694,0.0
0754,0.2995,1695,0.0
0754,0.2995,1696,0.0
0754,0.2995,1697,0.0
0754,0.2995,1698,0.0
0754,0.2995,1699,0.0
0754,0.2995,1700,0.0
0754,0.2995,1701,0.0
0754,0.2995,1702,0.0
0754,0.2995,1703,0.0
0754,0.2995,1704,0.0
0754,0.2995,1705,0.0
0754,0.2995,1706,0.0
0754,0.2995,1707,0.0
0754,0.2995,1708,0.0
0754,0.2995,1709,0.0
0754,0.2995,1710,0.25
0754,0.2995,1711,1.0
0754,0.2995,1712,1.0
0754,0.2995,1713,1.0
0754,0.2995,1714,1.0
0754,0.2995,1715,1.0
0754,0.2995,1716,1.0
0754,0.2995,1717,1.0
0754,0.2995,1718,0.625
0754,0.2995,1719,0.25
0754,0.2995,1720,0.0
0754,0.2995,1721,0.0
0754,0.2995,1722,0.0
0754,0.2995,1723,0.0
0754,0.2995,1724,0.0
0754,0.2995,1725,0.0
0754,0.2995,1726,0.0
0754,0.2995,1727,0.0
0754,0.2995,1728,0.0
0754,0.2995,1729,0.0
0754,0.2995,1730,0.0
0754,0.2995,1731,0.0
0754,0.2995,1732,0.0
0754,0.2995,1733,0.0
0754,0.2995,1734,0.0
0754,0.2995,1735,0.0
0754,0.2995,1736,0.0
0754,0.2995,1737,0.0
0754,0.2995,1738,0.0
0754,0.2995,1739,0.0
0754,0.2995,1740,0.0
0754,0.2995,1741,0.0
0754,0.2995,1742,0.0
0754,0.2995,1743,0.0
0754,0.2995,1744,0.0
0754,0.2995,1745,0.0
0754,0.2995,1746,0.0
0754,0.2995,1747,0.0
0754,0.2995,1748,0.0
0754,0.2995,1749,0.0
0754,0.2995,1750,0.0
0754,0.2995,1751,0.0
0754,0.2995,1752,0.0
0754,0.2995,1753,0.0
0754,0.2995,1754,0.0
0754,0.2995,1755,0.0
0754,0.2995,1756,0.0
0754,0.2995,1757,0.0
0754,0.2995,1758,0.25
0754,0.2995,1759,0.875
0754,0.2995,1760,0.0
0754,0.2995,1761,0.0
0754,0.2995,1762,0.25
0754,0.2995,1763,0.0
0754,0.2995,1764,0.0
0754,0.2995,1765,0.0
0754,0.2995,1766,0.0
0754,0.2995,1767,0.125
0754,0.2995,1768,0.0
0754,0.2995,1769,0.0
0754,0.2995,1770,0.0
0754,0.2995,1771,0.0
0754,0.2995,1772,0.0
0754,0.2995,1773,0.0
0754,0.2995,1774,0.0
0754,0.2995,1775,0.0
0754,0.2995,1776,0.0
0754,0.2995,1777,0.0
0754,0.2995,1778,0.0
0754,0.2995,1779,0.8571
0754,0.2995,1780,0.875
0754,0.2995,1781,1.0
0754,0.2995,1782,0.625
0754,0.2995,1783,0.0
0754,0.2995,1784,0.0
0754,0.2995,1785,0.0
0754,0.2995,1786,0.0
0754,0.2995,1787,0.0
0754,0.2995,1788,0.0
0754,0.2995,1789,0.0
0754,0.2995,1790,0.0
0754,0.2995,1791,0.0
0754,0.2995,1792,0.0
0754,0.2995,1793,0.0
0754,0.2995,1794,0.0
0754,0.2995,1795,0.0
0754,0.2995,1796,0.0
0754,0.2995,1797,0.0
0754,0.2995,1798,0.0
0754,0.2995,1799,0.0
0754,0.2995,1800,0.375
0754,0.2995,1801,1.0
0754,0.2995,1802,1.0
0754,0.2995,1803,0.875
0754,0.2995,1804,0.0
0754,0.2995,1805,0.0
0754,0.2995,1806,0.0
0754,0.2995,1807,0.25
0754,0.2995,1808,1.0
0754,0.2995,1809,1.0
0754,0.2995,1810,1.0
0754,0.2995,1811,1.0
0754,0.2995,1812,1.0
0754,0.2995,1813,1.0
0754,0.2995,1814,1.0
0754,0.2995,1815,0.875
0754,0.2995,1816,0.0
0754,0.2995,1817,0.0
0754,0.2995,1818,0.0
0754,0.2995,1819,0.0
0754,0.2995,1820,0.125
0754,0.2995,1821,0.0
0754,0.2995,1822,0.625
0754,0.2995,1823,0.8571
0754,0.2995,1824,0.125
0754,0.2995,1825,0.0
0754,0.2995,1826,0.0
0754,0.2995,1827,0.0
0754,0.2995,1828,0.0
0754,0.2995,1829,0.0
0754,0.2995,1830,0.0
0754,0.2995,1831,0.0
0754,0.2995,1832,0.0
0754,0.2995,1833,0.0
0754,0.2995,1834,0.0
0754,0.2995,1835,0.0
0754,0.2995,1836,0.0
0754,0.2995,1837,0.0
0754,0.2995,1838,0.0
0754,0.2995,1839,0.0
0754,0.2995,1840,0.0
0754,0.2995,1841,0.0
0754,0.2995,1842,0.0
0754,0.2995,1843,0.0
0754,0.2995,1844,0.0
0754,0.2995,1845,0.0
0754,0.2995,1846,0.0
0754,0.2995,1847,0.0
0754,0.2995,1848,0.0
0754,0.2995,1849,0.0
0754,0.2995,1850,0.375
0754,0.2995,1851,0.0
0754,0.2995,1852,0.0
0754,0.2995,1853,0.0
0754,0.2995,1854,0.0
0754,0.2995,1855,0.0
0754,0.2995,1856,0.0
0754,0.2995,1857,0.0
0754,0.2995,1858,0.0
0754,0.2995,1859,0.0
0754,0.2995,1860,0.0
0754,0.2995,1861,0.0
0754,0.2995,1862,0.0
0754,0.2995,1863,0.0
0754,0.2995,1864,0.0
0754,0.2995,1865,0.0
0754,0.2995,1866,0.0
0754,0.2995,1867,0.0
0754,0.2995,1868,0.0
0754,0.2995,1869,0.0
0754,0.2995,1870,0.0
0754,0.2995,1871,0.0
0754,0.2995,1872,0.0
0754,0.2995,1873,0.0
0754,0.2995,1874,0.0
0754,0.2995,1875,0.0
0754,0.2995,1876,0.0
0754,0.2995,1877,0.0
0754,0.2995,1878,0.0
0754,0.2995,1879,0.0
0754,0.2995,1880,0.0
0754,0.2995,1881,0.0
0754,0.2995,1882,0.0
0754,0.2995,1883,0.0
0754,0.2995,1884,0.0
0754,0.2995,1885,0.0
0754,0.2995,1886,0.0
0754,0.2995,1887,0.0
0754,0.2995,1888,0.0
0754,0.2995,1889,0.0
0754,0.2995,1890,0.0
0754,0.2995,1891,0.0
0754,0.2995,1892,0.0
0754,0.2995,1893,0.0
0754,0.2995,1894,0.0
0754,0.2995,1895,0.0
0754,0.2995,1896,0.0
0754,0.2995,1897,0.0
0754,0.2995,1898,0.0
0754,0.2995,1899,0.0
0754,0.2995,1900,0.0
0754,0.2995,1901,0.0
0754,0.2995,1902,0.0
0754,0.2995,1903,0.0
0754,0.2995,1904,0.0
0754,0.2995,1905,0.0
0754,0.2995,1906,0.0
0754,0.2995,1907,0.0
0754,0.2995,1908,0.0
0754,0.2995,1909,0.0
0754,0.2995,1910,0.0
0754,0.2995,1911,0.0
0754,0.2995,1912,0.0
0754,0.2995,1913,0.0
0754,0.2995,1914,0.0
0754,0.2995,1915,0.0
0754,0.2995,1916,0.0
0754,0.2995,1917,0.0
0754,0.2995,1918,0.0
0754,0.2995,1919,0.0
0754,0.2995,1920,0.0
0754,0.2995,1921,0.0
0754,0.2995,1922,0.0
0754,0.2995,1923,0.0
0754,0.2995,1924,0.0
0754,0.2995,1925,0.0
0754,0.2995,1926,0.0
0754,0.2995,1927,0.0
0754,0.2995,1928,0.0
0754,0.2995,1929,0.0
0754,0.2995,1930,0.0
0754,0.2995,1931,0.25
0754,0.2995,1932,1.0
0754,0.2995,1933,1.0
0754,0.2995,1934,1.0
0754,0.2995,1935,1.0
0754,0.2995,1936,1.0
0754,0.2995,1937,1.0
0754,0.2995,1938,1.0
0754,0.2995,1939,1.0
0754,0.2995,1940,0.375
0754,0.2995,1941,0.0
0754,0.2995,1942,0.0
0754,0.2995,1943,0.0
0754,0.2995,1944,0.125
0754,0.2995,1945,0.375
0754,0.2995,1946,0.0
0754,0.2995,1947,0.0
0754,0.2995,1948,0.0
0754,0.2995,1949,0.0
0754,0.2995,1950,0.0
0754,0.2995,1951,0.0
0754,0.2995,1952,0.0
0754,0.2995,1953,0.0
0754,0.2995,1954,0.0
0754,0.2995,1955,0.0
0754,0.2995,1956,0.0
0754,0.2995,1957,0.0
0754,0.2995,1958,0.0
0754,0.2995,1959,0.0
0754,0.2995,1960,0.0
0754,0.2995,1961,0.0
0754,0.2995,1962,0.0
0754,0.2995,1963,0.0
0754,0.2995,1964,0.0
0754,0.2995,1965,0.0
0754,0.2995,1966,0.0
0754,0.2995,1967,0.0
0754,0.2995,1968,0.0
0754,0.2995,1969,0.0
0754,0.2995,1970,0.0
0754,0.2995,1971,0.0
0754,0.2995,1972,0.0
0754,0.2995,1973,0.0
0754,0.2995,1974,0.0
0754,0.2995,1975,0.0
0754,0.2995,1976,0.0
0754,0.2995,1977,0.0
0754,0.2995,1978,0.0
0754,0.2995,1979,0.0
0754,0.2995,1980,0.0
0754,0.2995,1981,0.0
0754,0.2995,1982,0.0
0754,0.2995,1983,0.5
0754,0.2995,1984,1.0
0754,0.2995,1985,1.0
0754,0.2995,1986,1.0
0754,0.2995,1987,1.0
0754,0.2995,1988,1.0
0754,0.2995,1989,1.0
0754,0.2995,1990,1.0
0754,0.2995,1991,1.0
0754,0.2995,1992,1.0
0754,0.2995,1993,1.0
0754,0.2995,1994,1.0
0754,0.2995,1995,1.0
0754,0.2995,1996,1.0
0754,0.2995,1997,1.0
0754,0.2995,1998,1.0
0754,0.2995,1999,1.0
1011,0.7116,0,0.0
1011,0.7116,1,0.0
1011,0.7116,2,0.0
1011,0.7116,3,0.0
1011,0.7116,4,0.0
1011,0.7116,5,0.0
1011,0.7116,6,0.0
1011,0.7116,7,0.0
1011,0.7116,8,0.0
1011,0.7116,9,0.0
1011,0.7116,10,0.0
1011,0.7116,11,0.0
1011,0.7116,12,0.0
1011,0.7116,13,0.0
1011,0.7116,14,0.0
1011,0.7116,15,0.0
1011,0.7116,16,0.0
1011,0.7116,17,0.0
1011,0.7116,18,0.0
1011,0.7116,19,0.0
1011,0.7116,20,0.0
1011,0.7116,21,0.0
1011,0.7116,22,0.0
1011,0.7116,23,0.0
1011,0.7116,24,0.0
1011,0.7116,25,0.0
1011,0.7116,26,0.0
1011,0.7116,27,0.0
1011,0.7116,28,0.0
1011,0.7116,29,0.0
1011,0.7116,30,0.0
1011,0.7116,31,0.0
1011,0.7116,32,0.0
1011,0.7116,33,0.0
1011,0.7116,34,0.0
1011,0.7116,35,0.0
1011,0.7116,36,0.0
1011,0.7116,37,0.0
1011,0.7116,38,0.0
1011,0.7116,39,0.0
1011,0.7116,40,0.0
1011,0.7116,41,0.0
1011,0.7116,42,0.0
1011,0.7116,43,0.0
1011,0.7116,44,0.0
1011,0.7116,45,0.0
1011,0.7116,46,0.0
1011,0.7116,47,0.0
1011,0.7116,48,0.0
1011,0.7116,49,0.0
1011,0.7116,50,0.0
1011,0.7116,51,0.0
1011,0.7116,52,0.0
1011,0.7116,53,0.0
1011,0.7116,54,0.0
1011,0.7116,55,0.0
1011,0.7116,56,0.0
1011,0.7116,57,0.0
1011,0.7116,58,0.0
1011,0.7116,59,0.0
1011,0.7116,60,0.0
1011,0.7116,61,0.0
1011,0.7116,62,0.0
1011,0.7116,63,0.0
1011,0.7116,64,0.0
1011,0.7116,65,0.0
1011,0.7116,66,0.0
1011,0.7116,67,0.0
1011,0.7116,68,0.0
1011,0.7116,69,0.0
1011,0.7116,70,0.0
1011,0.7116,71,0.0
1011,0.7116,72,0.0
1011,0.7116,73,0.0
1011,0.7116,74,0.0
1011,0.7116,75,0.0
1011,0.7116,76,0.0
1011,0.7116,77,0.0
1011,0.7116,78,0.0
1011,0.7116,79,0.0
1011,0.7116,80,0.0
1011,0.7116,81,0.0
1011,0.7116,82,0.0
1011,0.7116,83,0.0
1011,0.7116,84,0.0
1011,0.7116,85,0.0
1011,0.7116,86,0.0
1011,0.7116,87,0.0
1011,0.7116,88,0.0
1011,0.7116,89,0.0
1011,0.7116,90,0.0
1011,0.7116,91,0.0
1011,0.7116,92,0.0
1011,0.7116,93,0.0
1011,0.7116,94,0.0
1011,0.7116,95,0.0
1011,0.7116,96,0.0
1011,0.7116,97,0.0
1011,0.7116,98,0.0
1011,0.7116,99,0.0
1011,0.7116,100,0.0
1011,0.7116,101,0.0
1011,0.7116,102,0.0
1011,0.7116,103,0.0
1011,0.7116,104,0.0
1011,0.7116,105,0.0
1011,0.7116,106,0.0
1011,0.7116,107,0.0
1011,0.7116,108,0.0
1011,0.7116,109,0.0
1011,0.7116,110,0.0
1011,0.7116,111,0.0
1011,0.7116,112,0.0
1011,0.7116,113,0.0
1011,0.7116,114,0.0
1011,0.7116,115,0.0
1011,0.7116,116,0.0
1011,0.7116,117,0.0
1011,0.7116,118,0.3333
1011,0.7116,119,1.0
1011,0.7116,120,1.0
1011,0.7116,121,1.0
1011,0.7116,122,1.0
1011,0.7116,123,1.0
1011,0.7116,124,1.0
1011,0.7116,125,1.0
1011,0.7116,126,1.0
1011,0.7116,127,1.0
1011,0.7116,128,1.0
1011,0.7116,129,1.0
1011,0.7116,130,1.0
1011,0.7116,131,1.0
1011,0.7116,132,1.0
1011,0.7116,133,1.0
1011,0.7116,134,1.0
1011,0.7116,135,1.0
1011,0.7116,136,1.0
1011,0.7116,137,1.0
1011,0.7116,138,1.0
1011,0.7116,139,1.0
1011,0.7116,140,1.0
1011,0.7116,141,1.0
1011,0.7116,142,1.0
1011,0.7116,143,1.0
1011,0.7116,144,1.0
1011,0.7116,145,1.0
1011,0.7116,146,1.0
1011,0.7116,147,1.0
1011,0.7116,148,1.0
1011,0.7116,149,1.0
1011,0.7116,150,1.0
1011,0.7116,151,1.0
1011,0.7116,152,1.0
1011,0.7116,153,1.0
1011,0.7116,154,1.0
1011,0.7116,155,1.0
1011,0.7116,156,1.0
1011,0.7116,157,1.0
1011,0.7116,158,1.0
1011,0.7116,159,1.0
1011,0.7116,160,1.0
1011,0.7116,161,1.0
1011,0.7116,162,1.0
1011,0.7116,163,1.0
1011,0.7116,164,1.0
1011,0.7116,165,1.0
1011,0.7116,166,1.0
1011,0.7116,167,1.0
1011,0.7116,168,1.0
1011,0.7116,169,1.0
1011,0.7116,170,1.0
1011,0.7116,171,1.0
1011,0.7116,172,1.0
1011,0.7116,173,1.0
1011,0.7116,174,1.0
1011,0.7116,175,1.0
1011,0.7116,176,1.0
1011,0.7116,177,1.0
1011,0.7116,178,1.0
1011,0.7116,179,1.0
1011,0.7116,180,1.0
1011,0.7116,181,1.0
1011,0.7116,182,1.0
1011,0.7116,183,1.0
1011,0.7116,184,1.0
1011,0.7116,185,1.0
1011,0.7116,186,1.0
1011,0.7116,187,1.0
1011,0.7116,188,1.0
1011,0.7116,189,1.0
1011,0.7116,190,1.0
1011,0.7116,191,1.0
1011,0.7116,192,1.0
1011,0.7116,193,1.0
1011,0.7116,194,1.0
1011,0.7116,195,1.0
1011,0.7116,196,1.0
1011,0.7116,197,1.0
1011,0.7116,198,1.0
1011,0.7116,199,1.0
1011,0.7116,200,1.0
1011,0.7116,201,1.0
1011,0.7116,202,1.0
1011,0.7116,203,1.0
1011,0.7116,204,1.0
1011,0.7116,205,1.0
1011,0.7116,206,1.0
1011,0.7116,207,1.0
1011,0.7116,208,1.0
1011,0.7116,209,1.0
1011,0.7116,210,1.0
1011,0.7116,211,1.0
1011,0.7116,212,1.0
1011,0.7116,213,1.0
1011,0.7116,214,1.0
1011,0.7116,215,1.0
1011,0.7116,216,1.0
1011,0.7116,217,1.0
1011,0.7116,218,1.0
1011,0.7116,219,1.0
1011,0.7116,220,1.0
1011,0.7116,221,1.0
1011,0.7116,222,1.0
1011,0.7116,223,1.0
1011,0.7116,224,1.0
1011,0.7116,225,1.0
1011,0.7116,226,1.0
1011,0.7116,227,1.0
1011,0.7116,228,1.0
1011,0.7116,229,1.0
1011,0.7116,230,1.0
1011,0.7116,231,1.0
1011,0.7116,232,1.0
1011,0.7116,233,1.0
1011,0.7116,234,1.0
1011,0.7116,235,1.0
1011,0.7116,236,1.0
1011,0.7116,237,1.0
1011,0.7116,238,1.0
1011,0.7116,239,1.0
1011,0.7116,240,1.0
1011,0.7116,241,1.0
1011,0.7116,242,1.0
1011,0.7116,243,1.0
1011,0.7116,244,1.0
1011,0.7116,245,1.0
1011,0.7116,246,1.0
1011,0.7116,247,1.0
1011,0.7116,248,1.0
1011,0.7116,249,1.0
1011,0.7116,250,1.0
1011,0.7116,251,1.0
1011,0.7116,252,1.0
1011,0.7116,253,1.0
1011,0.7116,254,1.0
1011,0.7116,255,1.0
1011,0.7116,256,1.0
1011,0.7116,257,1.0
1011,0.7116,258,1.0
1011,0.7116,259,1.0
1011,0.7116,260,1.0
1011,0.7116,261,1.0
1011,0.7116,262,1.0
1011,0.7116,263,1.0
1011,0.7116,264,1.0
1011,0.7116,265,1.0
1011,0.7116,266,1.0
1011,0.7116,267,1.0
1011,0.7116,268,1.0
1011,0.7116,269,1.0
1011,0.7116,270,1.0
1011,0.7116,271,1.0
1011,0.7116,272,1.0
1011,0.7116,273,1.0
1011,0.7116,274,1.0
1011,0.7116,275,1.0
1011,0.7116,276,1.0
1011,0.7116,277,1.0
1011,0.7116,278,1.0
1011,0.7116,279,1.0
1011,0.7116,280,1.0
1011,0.7116,281,1.0
1011,0.7116,282,1.0
1011,0.7116,283,1.0
1011,0.7116,284,1.0
1011,0.7116,285,1.0
1011,0.7116,286,1.0
1011,0.7116,287,1.0
1011,0.7116,288,1.0
1011,0.7116,289,1.0
1011,0.7116,290,1.0
1011,0.7116,291,1.0
1011,0.7116,292,1.0
1011,0.7116,293,1.0
1011,0.7116,294,1.0
1011,0.7116,295,1.0
1011,0.7116,296,1.0
1011,0.7116,297,1.0
1011,0.7116,298,1.0
1011,0.7116,299,1.0
1011,0.7116,300,1.0
1011,0.7116,301,1.0
1011,0.7116,302,1.0
1011,0.7116,303,1.0
1011,0.7116,304,1.0
1011,0.7116,305,1.0
1011,0.7116,306,1.0
1011,0.7116,307,1.0
1011,0.7116,308,1.0
1011,0.7116,309,1.0
1011,0.7116,310,1.0
1011,0.7116,311,1.0
1011,0.7116,312,1.0
1011,0.7116,313,1.0
1011,0.7116,314,1.0
1011,0.7116,315,1.0
1011,0.7116,316,1.0
1011,0.7116,317,1.0
1011,0.7116,318,1.0
1011,0.7116,319,1.0
1011,0.7116,320,1.0
1011,0.7116,321,1.0
1011,0.7116,322,1.0
1011,0.7116,323,1.0
1011,0.7116,324,1.0
1011,0.7116,325,1.0
1011,0.7116,326,1.0
1011,0.7116,327,1.0
1011,0.7116,328,1.0
1011,0.7116,329,1.0
1011,0.7116,330,1.0
1011,0.7116,331,1.0
1011,0.7116,332,1.0
1011,0.7116,333,1.0
1011,0.7116,334,1.0
1011,0.7116,335,1.0
1011,0.7116,336,1.0
1011,0.7116,337,1.0
1011,0.7116,338,1.0
1011,0.7116,339,1.0
1011,0.7116,340,1.0
1011,0.7116,341,1.0
1011,0.7116,342,1.0
1011,0.7116,343,1.0
1011,0.7116,344,1.0
1011,0.7116,345,1.0
1011,0.7116,346,1.0
1011,0.7116,347,1.0
1011,0.7116,348,1.0
1011,0.7116,349,1.0
1011,0.7116,350,1.0
1011,0.7116,351,1.0
1011,0.7116,352,1.0
1011,0.7116,353,1.0
1011,0.7116,354,1.0
1011,0.7116,355,1.0
1011,0.7116,356,1.0
1011,0.7116,357,1.0
1011,0.7116,358,1.0
1011,0.7116,359,1.0
1011,0.7116,360,1.0
1011,0.7116,361,1.0
1011,0.7116,362,1.0
1011,0.7116,363,1.0
1011,0.7116,364,1.0
1011,0.7116,365,1.0
1011,0.7116,366,1.0
1011,0.7116,367,1.0
1011,0.7116,368,1.0
1011,0.7116,369,1.0
1011,0.7116,370,1.0
1011,0.7116,371,1.0
1011,0.7116,372,1.0
1011,0.7116,373,1.0
1011,0.7116,374,1.0
1011,0.7116,375,1.0
1011,0.7116,376,1.0
1011,0.7116,377,1.0
1011,0.7116,378,1.0
1011,0.7116,379,1.0
1011,0.7116,380,1.0
1011,0.7116,381,1.0
1011,0.7116,382,1.0
1011,0.7116,383,1.0
1011,0.7116,384,1.0
1011,0.7116,385,1.0
1011,0.7116,386,1.0
1011,0.7116,387,1.0
1011,0.7116,388,1.0
1011,0.7116,389,1.0
1011,0.7116,390,1.0
1011,0.7116,391,1.0
1011,0.7116,392,1.0
1011,0.7116,393,1.0
1011,0.7116,394,1.0
1011,0.7116,395,1.0
1011,0.7116,396,1.0
1011,0.7116,397,1.0
1011,0.7116,398,1.0
1011,0.7116,399,1.0
1011,0.7116,400,1.0
1011,0.7116,401,1.0
1011,0.7116,402,1.0
1011,0.7116,403,1.0
1011,0.7116,404,1.0
1011,0.7116,405,1.0
1011,0.7116,406,1.0
1011,0.7116,407,1.0
1011,0.7116,408,1.0
1011,0.7116,409,1.0
1011,0.7116,410,1.0
1011,0.7116,411,1.0
1011,0.7116,412,1.0
1011,0.7116,413,1.0
1011,0.7116,414,1.0
1011,0.7116,415,1.0
1011,0.7116,416,1.0
1011,0.7116,417,1.0
1011,0.7116,418,1.0
1011,0.7116,419,1.0
1011,0.7116,420,1.0
1011,0.7116,421,1.0
1011,0.7116,422,1.0
1011,0.7116,423,1.0
1011,0.7116,424,1.0
1011,0.7116,425,1.0
1011,0.7116,426,1.0
1011,0.7116,427,1.0
1011,0.7116,428,1.0
1011,0.7116,429,1.0
1011,0.7116,430,1.0
1011,0.7116,431,1.0
1011,0.7116,432,1.0
1011,0.7116,433,1.0
1011,0.7116,434,1.0
1011,0.7116,435,1.0
1011,0.7116,436,1.0
1011,0.7116,437,1.0
1011,0.7116,438,1.0
1011,0.7116,439,1.0
1011,0.7116,440,1.0
1011,0.7116,441,1.0
1011,0.7116,442,1.0
1011,0.7116,443,1.0
1011,0.7116,444,1.0
1011,0.7116,445,1.0
1011,0.7116,446,1.0
1011,0.7116,447,1.0
1011,0.7116,448,1.0
1011,0.7116,449,1.0
1011,0.7116,450,1.0
1011,0.7116,451,1.0
1011,0.7116,452,1.0
1011,0.7116,453,1.0
1011,0.7116,454,1.0
1011,0.7116,455,1.0
1011,0.7116,456,1.0
1011,0.7116,457,1.0
1011,0.7116,458,1.0
1011,0.7116,459,1.0
1011,0.7116,460,1.0
1011,0.7116,461,1.0
1011,0.7116,462,1.0
1011,0.7116,463,1.0
1011,0.7116,464,1.0
1011,0.7116,465,1.0
1011,0.7116,466,1.0
1011,0.7116,467,1.0
1011,0.7116,468,1.0
1011,0.7116,469,1.0
1011,0.7116,470,1.0
1011,0.7116,471,1.0
1011,0.7116,472,1.0
1011,0.7116,473,1.0
1011,0.7116,474,1.0
1011,0.7116,475,1.0
1011,0.7116,476,1.0
1011,0.7116,477,1.0
1011,0.7116,478,1.0
1011,0.7116,479,1.0
1011,0.7116,480,1.0
1011,0.7116,481,1.0
1011,0.7116,482,1.0
1011,0.7116,483,1.0
1011,0.7116,484,1.0
1011,0.7116,485,1.0
1011,0.7116,486,1.0
1011,0.7116,487,1.0
1011,0.7116,488,1.0
1011,0.7116,489,1.0
1011,0.7116,490,1.0
1011,0.7116,491,1.0
1011,0.7116,492,1.0
1011,0.7116,493,1.0
1011,0.7116,494,1.0
1011,0.7116,495,1.0
1011,0.7116,496,1.0
1011,0.7116,497,1.0
1011,0.7116,498,1.0
1011,0.7116,499,1.0
1011,0.7116,500,1.0
1011,0.7116,501,1.0
1011,0.7116,502,1.0
1011,0.7116,503,1.0
1011,0.7116,504,1.0
1011,0.7116,505,1.0
1011,0.7116,506,1.0
1011,0.7116,507,1.0
1011,0.7116,508,1.0
1011,0.7116,509,1.0
1011,0.7116,510,1.0
1011,0.7116,511,1.0
1011,0.7116,512,1.0
1011,0.7116,513,1.0
1011,0.7116,514,1.0
1011,0.7116,515,1.0
1011,0.7116,516,1.0
1011,0.7116,517,1.0
1011,0.7116,518,1.0
1011,0.7116,519,1.0
1011,0.7116,520,1.0
1011,0.7116,521,1.0
1011,0.7116,522,1.0
1011,0.7116,523,1.0
1011,0.7116,524,1.0
1011,0.7116,525,1.0
1011,0.7116,526,1.0
1011,0.7116,527,1.0
1011,0.7116,528,1.0
1011,0.7116,529,1.0
1011,0.7116,530,1.0
1011,0.7116,531,1.0
1011,0.7116,532,1.0
1011,0.7116,533,1.0
1011,0.7116,534,1.0
1011,0.7116,535,1.0
1011,0.7116,536,1.0
1011,0.7116,537,0.1667
1011,0.7116,538,0.0
1011,0.7116,539,0.0
1011,0.7116,540,0.0
1011,0.7116,541,0.0
1011,0.7116,542,0.0
1011,0.7116,543,0.0
1011,0.7116,544,0.0
1011,0.7116,545,0.0
1011,0.7116,546,0.0
1011,0.7116,547,0.0
1011,0.7116,548,0.3333
1011,0.7116,549,0.6667
1011,0.7116,550,0.0
1011,0.7116,551,0.0
1011,0.7116,552,0.0
1011,0.7116,553,0.0
1011,0.7116,554,0.0
1011,0.7116,555,0.0
1011,0.7116,556,0.0
1011,0.7116,557,0.0
1011,0.7116,558,0.0
1011,0.7116,559,0.0
1011,0.7116,560,0.0
1011,0.7116,561,0.1667
1011,0.7116,562,0.0
1011,0.7116,563,0.0
1011,0.7116,564,0.0
1011,0.7116,565,0.0
1011,0.7116,566,0.0
1011,0.7116,567,0.0
1011,0.7116,568,0.0
1011,0.7116,569,0.0
1011,0.7116,570,0.0
1011,0.7116,571,0.0
1011,0.7116,572,0.0
1011,0.7116,573,0.0
1011,0.7116,574,0.5
1011,0.7116,575,0.1667
1011,0.7116,576,0.0
1011,0.7116,577,0.0
1011,0.7116,578,0.0
1011,0.7116,579,0.0
1011,0.7116,580,0.0
1011,0.7116,581,0.0
1011,0.7116,582,0.0
1011,0.7116,583,0.0
1011,0.7116,584,0.0
1011,0.7116,585,0.0
1011,0.7116,586,0.0
1011,0.7116,587,1.0
1011,0.7116,588,1.0
1011,0.7116,589,1.0
1011,0.7116,590,1.0
1011,0.7116,591,1.0
1011,0.7116,592,1.0
1011,0.7116,593,1.0
1011,0.7116,594,1.0
1011,0.7116,595,1.0
1011,0.7116,596,1.0
1011,0.7116,597,1.0
1011,0.7116,598,1.0
1011,0.7116,599,0.8333
1011,0.7116,600,0.0
1011,0.7116,601,0.0
1011,0.7116,602,0.0
1011,0.7116,603,0.0
1011,0.7116,604,0.0
1011,0.7116,605,0.0
1011,0.7116,606,0.0
1011,0.7116,607,0.0
1011,0.7116,608,0.0
1011,0.7116,609,0.0
1011,0.7116,610,0.0
1011,0.7116,611,0.0
1011,0.7116,612,0.1667
1011,0.7116,613,1.0
1011,0.7116,614,1.0
1011,0.7116,615,1.0
1011,0.7116,616,1.0
1011,0.7116,617,0.8333
1011,0.7116,618,0.1667
1011,0.7116,619,0.1667
1011,0.7116,620,0.1667
1011,0.7116,621,0.0
1011,0.7116,622,0.0
1011,0.7116,623,0.0
1011,0.7116,624,0.8333
1011,0.7116,625,1.0
1011,0.7116,626,1.0
1011,0.7116,627,1.0
1011,0.7116,628,1.0
1011,0.7116,629,1.0
1011,0.7116,630,1.0
1011,0.7116,631,1.0
1011,0.7116,632,1.0
1011,0.7116,633,1.0
1011,0.7116,634,1.0
1011,0.7116,635,1.0
1011,0.7116,636,1.0
1011,0.7116,637,1.0
1011,0.7116,638,0.5
1011,0.7116,639,0.0
1011,0.7116,640,0.0
1011,0.7116,641,0.0
1011,0.7116,642,0.0
1011,0.7116,643,0.0
1011,0.7116,644,0.0
1011,0.7116,645,0.0
1011,0.7116,646,0.0
1011,0.7116,647,0.0
1011,0.7116,648,0.0
1011,0.7116,649,0.1667
1011,0.7116,650,0.8333
1011,0.7116,651,0.0
1011,0.7116,652,0.0
1011,0.7116,653,0.0
1011,0.7116,654,0.0
1011,0.7116,655,0.0
1011,0.7116,656,0.0
1011,0.7116,657,0.0
1011,0.7116,658,0.0
1011,0.7116,659,0.0
1011,0.7116,660,0.0
1011,0.7116,661,0.0
1011,0.7116,662,0.0
1011,0.7116,663,0.0
1011,0.7116,664,0.0
1011,0.7116,665,0.0
1011,0.7116,666,0.0
1011,0.7116,667,0.0
1011,0.7116,668,0.0
1011,0.7116,669,0.0
1011,0.7116,670,0.0
1011,0.7116,671,0.0
1011,0.7116,672,0.0
1011,0.7116,673,0.0
1011,0.7116,674,0.0
1011,0.7116,675,0.3333
1011,0.7116,676,0.3333
1011,0.7116,677,0.0
1011,0.7116,678,0.0
1011,0.7116,679,0.0
1011,0.7116,680,0.0
1011,0.7116,681,0.0
1011,0.7116,682,0.0
1011,0.7116,683,0.0
1011,0.7116,684,0.0
1011,0.7116,685,0.0
1011,0.7116,686,0.0
1011,0.7116,687,0.0
1011,0.7116,688,0.3333
1011,0.7116,689,0.0
1011,0.7116,690,0.0
1011,0.7116,691,0.0
1011,0.7116,692,0.0
1011,0.7116,693,0.0
1011,0.7116,694,0.0
1011,0.7116,695,0.0
1011,0.7116,696,0.0
1011,0.7116,697,0.0
1011,0.7116,698,0.0
1011,0.7116,699,0.0
1011,0.7116,700,0.1667
1011,0.7116,701,0.3333
1011,0.7116,702,0.0
1011,0.7116,703,0.0
1011,0.7116,704,0.0
1011,0.7116,705,0.0
1011,0.7116,706,0.0
1011,0.7116,707,0.0
1011,0.7116,708,0.0
1011,0.7116,709,0.0
1011,0.7116,710,0.0
1011,0.7116,711,0.0
1011,0.7116,712,0.0
1011,0.7116,713,1.0
1011,0.7116,714,1.0
1011,0.7116,715,1.0
1011,0.7116,716,1.0
1011,0.7116,717,0.3333
1011,0.7116,718,0.3333
1011,0.7116,719,0.1667
1011,0.7116,720,0.1667
1011,0.7116,721,0.3333
1011,0.7116,722,0.3333
1011,0.7116,723,0.0
1011,0.7116,724,0.2
1011,0.7116,725,1.0
1011,0.7116,726,1.0
1011,0.7116,727,1.0
1011,0.7116,728,1.0
1011,0.7116,729,1.0
1011,0.7116,730,1.0
1011,0.7116,731,1.0
1011,0.7116,732,1.0
1011,0.7116,733,1.0
1011,0.7116,734,1.0
1011,0.7116,735,1.0
1011,0.7116,736,1.0
1011,0.7116,737,1.0
1011,0.7116,738,1.0
1011,0.7116,739,1.0
1011,0.7116,740,1.0
1011,0.7116,741,1.0
1011,0.7116,742,1.0
1011,0.7116,743,1.0
1011,0.7116,744,1.0
1011,0.7116,745,1.0
1011,0.7116,746,1.0
1011,0.7116,747,1.0
1011,0.7116,748,1.0
1011,0.7116,749,1.0
1011,0.7116,750,1.0
1011,0.7116,751,1.0
1011,0.7116,752,1.0
1011,0.7116,753,1.0
1011,0.7116,754,1.0
1011,0.7116,755,1.0
1011,0.7116,756,1.0
1011,0.7116,757,1.0
1011,0.7116,758,1.0
1011,0.7116,759,1.0
1011,0.7116,760,1.0
1011,0.7116,761,1.0
1011,0.7116,762,1.0
1011,0.7116,763,1.0
1011,0.7116,764,1.0
1011,0.7116,765,1.0
1011,0.7116,766,1.0
1011,0.7116,767,1.0
1011,0.7116,768,1.0
1011,0.7116,769,1.0
1011,0.7116,770,1.0
1011,0.7116,771,1.0
1011,0.7116,772,1.0
1011,0.7116,773,1.0
1011,0.7116,774,1.0
1011,0.7116,775,1.0
1011,0.7116,776,1.0
1011,0.7116,777,1.0
1011,0.7116,778,1.0
1011,0.7116,779,1.0
1011,0.7116,780,1.0
1011,0.7116,781,1.0
1011,0.7116,782,1.0
1011,0.7116,783,1.0
1011,0.7116,784,1.0
1011,0.7116,785,1.0
1011,0.7116,786,1.0
1011,0.7116,787,1.0
1011,0.7116,788,1.0
1011,0.7116,789,1.0
1011,0.7116,790,1.0
1011,0.7116,791,1.0
1011,0.7116,792,1.0
1011,0.7116,793,1.0
1011,0.7116,794,1.0
1011,0.7116,795,1.0
1011,0.7116,796,1.0
1011,0.7116,797,1.0
1011,0.7116,798,1.0
1011,0.7116,799,1.0
1011,0.7116,800,1.0
1011,0.7116,801,1.0
1011,0.7116,802,1.0
1011,0.7116,803,1.0
1011,0.7116,804,1.0
1011,0.7116,805,1.0
1011,0.7116,806,1.0
1011,0.7116,807,1.0
1011,0.7116,808,1.0
1011,0.7116,809,1.0
1011,0.7116,810,1.0
1011,0.7116,811,1.0
1011,0.7116,812,1.0
1011,0.7116,813,1.0
1011,0.7116,814,1.0
1011,0.7116,815,0.8333
1011,0.7116,816,1.0
1011,0.7116,817,1.0
1011,0.7116,818,1.0
1011,0.7116,819,1.0
1011,0.7116,820,1.0
1011,0.7116,821,1.0
1011,0.7116,822,1.0
1011,0.7116,823,1.0
1011,0.7116,824,1.0
1011,0.7116,825,1.0
1011,0.7116,826,1.0
1011,0.7116,827,1.0
1011,0.7116,828,1.0
1011,0.7116,829,1.0
1011,0.7116,830,1.0
1011,0.7116,831,1.0
1011,0.7116,832,1.0
1011,0.7116,833,1.0
1011,0.7116,834,1.0
1011,0.7116,835,1.0
1011,0.7116,836,0.8333
1011,0.7116,837,1.0
1011,0.7116,838,1.0
1011,0.7116,839,0.5
1011,0.7116,840,0.8333
1011,0.7116,841,1.0
1011,0.7116,842,1.0
1011,0.7116,843,1.0
1011,0.7116,844,1.0
1011,0.7116,845,1.0
1011,0.7116,846,1.0
1011,0.7116,847,1.0
1011,0.7116,848,1.0
1011,0.7116,849,1.0
1011,0.7116,850,1.0
1011,0.7116,851,1.0
1011,0.7116,852,1.0
1011,0.7116,853,1.0
1011,0.7116,854,1.0
1011,0.7116,855,1.0
1011,0.7116,856,1.0
1011,0.7116,857,1.0
1011,0.7116,858,1.0
1011,0.7116,859,1.0
1011,0.7116,860,1.0
1011,0.7116,861,1.0
1011,0.7116,862,1.0
1011,0.7116,863,1.0
1011,0.7116,864,1.0
1011,0.7116,865,1.0
1011,0.7116,866,1.0
1011,0.7116,867,1.0
1011,0.7116,868,1.0
1011,0.7116,869,1.0
1011,0.7116,870,1.0
1011,0.7116,871,1.0
1011,0.7116,872,1.0
1011,0.7116,873,1.0
1011,0.7116,874,1.0
1011,0.7116,875,1.0
1011,0.7116,876,1.0
1011,0.7116,877,1.0
1011,0.7116,878,1.0
1011,0.7116,879,1.0
1011,0.7116,880,1.0
1011,0.7116,881,1.0
1011,0.7116,882,1.0
1011,0.7116,883,1.0
1011,0.7116,884,1.0
1011,0.7116,885,1.0
1011,0.7116,886,1.0
1011,0.7116,887,1.0
1011,0.7116,888,1.0
1011,0.7116,889,1.0
1011,0.7116,890,1.0
1011,0.7116,891,1.0
1011,0.7116,892,1.0
1011,0.7116,893,1.0
1011,0.7116,894,1.0
1011,0.7116,895,1.0
1011,0.7116,896,1.0
1011,0.7116,897,1.0
1011,0.7116,898,1.0
1011,0.7116,899,1.0
1011,0.7116,900,1.0
1011,0.7116,901,1.0
1011,0.7116,902,1.0
1011,0.7116,903,1.0
1011,0.7116,904,1.0
1011,0.7116,905,1.0
1011,0.7116,906,1.0
1011,0.7116,907,1.0
1011,0.7116,908,1.0
1011,0.7116,909,1.0
1011,0.7116,910,1.0
1011,0.7116,911,1.0
1011,0.7116,912,1.0
1011,0.7116,913,1.0
1011,0.7116,914,1.0
1011,0.7116,915,1.0
1011,0.7116,916,1.0
1011,0.7116,917,1.0
1011,0.7116,918,1.0
1011,0.7116,919,1.0
1011,0.7116,920,1.0
1011,0.7116,921,1.0
1011,0.7116,922,1.0
1011,0.7116,923,1.0
1011,0.7116,924,1.0
1011,0.7116,925,1.0
1011,0.7116,926,1.0
1011,0.7116,927,1.0
1011,0.7116,928,1.0
1011,0.7116,929,1.0
1011,0.7116,930,1.0
1011,0.7116,931,1.0
1011,0.7116,932,1.0
1011,0.7116,933,1.0
1011,0.7116,934,1.0
1011,0.7116,935,1.0
1011,0.7116,936,1.0
1011,0.7116,937,1.0
1011,0.7116,938,1.0
1011,0.7116,939,1.0
1011,0.7116,940,1.0
1011,0.7116,941,1.0
1011,0.7116,942,1.0
1011,0.7116,943,1.0
1011,0.7116,944,1.0
1011,0.7116,945,1.0
1011,0.7116,946,1.0
1011,0.7116,947,1.0
1011,0.7116,948,1.0
1011,0.7116,949,1.0
1011,0.7116,950,1.0
1011,0.7116,951,1.0
1011,0.7116,952,1.0
1011,0.7116,953,1.0
1011,0.7116,954,1.0
1011,0.7116,955,1.0
1011,0.7116,956,1.0
1011,0.7116,957,1.0
1011,0.7116,958,1.0
1011,0.7116,959,0.3333
1011,0.7116,960,0.0
1011,0.7116,961,0.0
1011,0.7116,962,0.0
1011,0.7116,963,0.0
1011,0.7116,964,0.0
1011,0.7116,965,0.0
1011,0.7116,966,0.0
1011,0.7116,967,0.0
1011,0.7116,968,0.0
1011,0.7116,969,0.0
1011,0.7116,970,0.0
1011,0.7116,971,0.0
1011,0.7116,972,0.0
1011,0.7116,973,0.0
1011,0.7116,974,0.0
1011,0.7116,975,0.0
1011,0.7116,976,0.0
1011,0.7116,977,0.0
1011,0.7116,978,0.0
1011,0.7116,979,0.0
1011,0.7116,980,0.0
1011,0.7116,981,0.0
1011,0.7116,982,0.0
1011,0.7116,983,0.0
1011,0.7116,984,0.0
1011,0.7116,985,0.0
1011,0.7116,986,0.0
1011,0.7116,987,0.0
1011,0.7116,988,0.0
1011,0.7116,989,0.0
1011,0.7116,990,0.0
1011,0.7116,991,0.0
1011,0.7116,992,0.0
1011,0.7116,993,0.0
1011,0.7116,994,0.0
1011,0.7116,995,0.0
1011,0.7116,996,0.3333
1011,0.7116,997,0.0
1011,0.7116,998,0.0
1011,0.7116,999,0.0
1011,0.7116,1000,0.0
1011,0.7116,1001,0.0
1011,0.7116,1002,0.0
1011,0.7116,1003,0.0
1011,0.7116,1004,0.0
1011,0.7116,1005,0.0
1011,0.7116,1006,0.0
1011,0.7116,1007,0.0
1011,0.7116,1008,0.0
1011,0.7116,1009,0.0
1011,0.7116,1010,0.0
1011,0.7116,1011,0.0
1011,0.7116,1012,0.0
1011,0.7116,1013,0.0
1011,0.7116,1014,0.0
1011,0.7116,1015,0.0
1011,0.7116,1016,0.0
1011,0.7116,1017,0.0
1011,0.7116,1018,0.3333
1011,0.7116,1019,0.0
1011,0.7116,1020,0.0
1011,0.7116,1021,0.0
1011,0.7116,1022,0.0
1011,0.7116,1023,0.0
1011,0.7116,1024,0.0
1011,0.7116,1025,0.0
1011,0.7116,1026,0.0
1011,0.7116,1027,0.0
1011,0.7116,1028,0.0
1011,0.7116,1029,0.0
1011,0.7116,1030,0.0
1011,0.7116,1031,0.0
1011,0.7116,1032,0.0
1011,0.7116,1033,0.0
1011,0.7116,1034,0.0
1011,0.7116,1035,0.0
1011,0.7116,1036,0.0
1011,0.7116,1037,0.0
1011,0.7116,1038,0.0
1011,0.7116,1039,0.0
1011,0.7116,1040,0.0
1011,0.7116,1041,0.0
1011,0.7116,1042,0.0
1011,0.7116,1043,0.0
1011,0.7116,1044,0.0
1011,0.7116,1045,0.0
1011,0.7116,1046,0.0
1011,0.7116,1047,0.0
1011,0.7116,1048,0.0
1011,0.7116,1049,0.0
1011,0.7116,1050,0.0
1011,0.7116,1051,0.0
1011,0.7116,1052,0.0
1011,0.7116,1053,0.0
1011,0.7116,1054,0.0
1011,0.7116,1055,0.0
1011,0.7116,1056,0.0
1011,0.7116,1057,0.1667
1011,0.7116,1058,0.3333
1011,0.7116,1059,0.0
1011,0.7116,1060,0.0
1011,0.7116,1061,0.0
1011,0.7116,1062,0.0
1011,0.7116,1063,0.0
1011,0.7116,1064,0.0
1011,0.7116,1065,0.0
1011,0.7116,1066,0.0
1011,0.7116,1067,0.0
1011,0.7116,1068,0.0
1011,0.7116,1069,0.0
1011,0.7116,1070,0.0
1011,0.7116,1071,0.0
1011,0.7116,1072,0.0
1011,0.7116,1073,0.0
1011,0.7116,1074,0.0
1011,0.7116,1075,0.0
1011,0.7116,1076,0.0
1011,0.7116,1077,0.0
1011,0.7116,1078,0.0
1011,0.7116,1079,0.0
1011,0.7116,1080,0.0
1011,0.7116,1081,0.0
1011,0.7116,1082,0.0
1011,0.7116,1083,0.0
1011,0.7116,1084,0.0
1011,0.7116,1085,0.0
1011,0.7116,1086,0.0
1011,0.7116,1087,0.0
1011,0.7116,1088,0.0
1011,0.7116,1089,0.0
1011,0.7116,1090,0.0
1011,0.7116,1091,0.0
1011,0.7116,1092,0.0
1011,0.7116,1093,0.0
1011,0.7116,1094,0.0
1011,0.7116,1095,0.0
1011,0.7116,1096,0.0
1011,0.7116,1097,0.0
1011,0.7116,1098,0.0
1011,0.7116,1099,0.0
1011,0.7116,1100,0.0
1011,0.7116,1101,0.0
1011,0.7116,1102,0.0
1011,0.7116,1103,0.0
1011,0.7116,1104,0.0
1011,0.7116,1105,0.0
1011,0.7116,1106,0.0
1011,0.7116,1107,0.0
1011,0.7116,1108,0.0
1011,0.7116,1109,0.0
1011,0.7116,1110,0.0
1011,0.7116,1111,0.0
1011,0.7116,1112,0.0
1011,0.7116,1113,0.0
1011,0.7116,1114,0.0
1011,0.7116,1115,0.0
1011,0.7116,1116,0.0
1011,0.7116,1117,0.0
1011,0.7116,1118,0.0
1011,0.7116,1119,0.0
1011,0.7116,1120,0.0
1011,0.7116,1121,0.0
1011,0.7116,1122,0.0
1011,0.7116,1123,0.0
1011,0.7116,1124,0.0
1011,0.7116,1125,0.0
1011,0.7116,1126,0.0
1011,0.7116,1127,0.0
1011,0.7116,1128,0.0
1011,0.7116,1129,0.0
1011,0.7116,1130,0.0
1011,0.7116,1131,0.0
1011,0.7116,1132,0.0
1011,0.7116,1133,0.0
1011,0.7116,1134,0.0
1011,0.7116,1135,0.5
1011,0.7116,1136,1.0
1011,0.7116,1137,1.0
1011,0.7116,1138,1.0
1011,0.7116,1139,1.0
1011,0.7116,1140,1.0
1011,0.7116,1141,1.0
1011,0.7116,1142,1.0
1011,0.7116,1143,1.0
1011,0.7116,1144,1.0
1011,0.7116,1145,1.0
1011,0.7116,1146,1.0
1011,0.7116,1147,1.0
1011,0.7116,1148,1.0
1011,0.7116,1149,1.0
1011,0.7116,1150,1.0
1011,0.7116,1151,1.0
1011,0.7116,1152,1.0
1011,0.7116,1153,1.0
1011,0.7116,1154,1.0
1011,0.7116,1155,1.0
1011,0.7116,1156,1.0
1011,0.7116,1157,1.0
1011,0.7116,1158,1.0
1011,0.7116,1159,1.0
1011,0.7116,1160,1.0
1011,0.7116,1161,1.0
1011,0.7116,1162,1.0
1011,0.7116,1163,1.0
1011,0.7116,1164,1.0
1011,0.7116,1165,1.0
1011,0.7116,1166,1.0
1011,0.7116,1167,1.0
1011,0.7116,1168,1.0
1011,0.7116,1169,1.0
1011,0.7116,1170,1.0
1011,0.7116,1171,1.0
1011,0.7116,1172,1.0
1011,0.7116,1173,1.0
1011,0.7116,1174,1.0
1011,0.7116,1175,1.0
1011,0.7116,1176,1.0
1011,0.7116,1177,1.0
1011,0.7116,1178,1.0
1011,0.7116,1179,1.0
1011,0.7116,1180,1.0
1011,0.7116,1181,1.0
1011,0.7116,1182,1.0
1011,0.7116,1183,1.0
1011,0.7116,1184,1.0
1011,0.7116,1185,1.0
1011,0.7116,1186,1.0
1011,0.7116,1187,1.0
1011,0.7116,1188,1.0
1011,0.7116,1189,1.0
1011,0.7116,1190,1.0
1011,0.7116,1191,1.0
1011,0.7116,1192,1.0
1011,0.7116,1193,1.0
1011,0.7116,1194,1.0
1011,0.7116,1195,1.0
1011,0.7116,1196,1.0
1011,0.7116,1197,1.0
1011,0.7116,1198,1.0
1011,0.7116,1199,1.0
1011,0.7116,1200,1.0
1011,0.7116,1201,1.0
1011,0.7116,1202,1.0
1011,0.7116,1203,1.0
1011,0.7116,1204,1.0
1011,0.7116,1205,1.0
1011,0.7116,1206,1.0
1011,0.7116,1207,1.0
1011,0.7116,1208,1.0
1011,0.7116,1209,1.0
1011,0.7116,1210,1.0
1011,0.7116,1211,1.0
1011,0.7116,1212,1.0
1011,0.7116,1213,1.0
1011,0.7116,1214,1.0
1011,0.7116,1215,1.0
1011,0.7116,1216,1.0
1011,0.7116,1217,1.0
1011,0.7116,1218,1.0
1011,0.7116,1219,1.0
1011,0.7116,1220,1.0
1011,0.7116,1221,1.0
1011,0.7116,1222,1.0
1011,0.7116,1223,1.0
1011,0.7116,1224,1.0
1011,0.7116,1225,1.0
1011,0.7116,1226,1.0
1011,0.7116,1227,1.0
1011,0.7116,1228,1.0
1011,0.7116,1229,1.0
1011,0.7116,1230,1.0
1011,0.7116,1231,1.0
1011,0.7116,1232,1.0
1011,0.7116,1233,1.0
1011,0.7116,1234,1.0
1011,0.7116,1235,1.0
1011,0.7116,1236,1.0
1011,0.7116,1237,1.0
1011,0.7116,1238,1.0
1011,0.7116,1239,1.0
1011,0.7116,1240,1.0
1011,0.7116,1241,1.0
1011,0.7116,1242,1.0
1011,0.7116,1243,1.0
1011,0.7116,1244,1.0
1011,0.7116,1245,1.0
1011,0.7116,1246,1.0
1011,0.7116,1247,1.0
1011,0.7116,1248,1.0
1011,0.7116,1249,1.0
1011,0.7116,1250,1.0
1011,0.7116,1251,1.0
1011,0.7116,1252,1.0
1011,0.7116,1253,1.0
1011,0.7116,1254,1.0
1011,0.7116,1255,1.0
1011,0.7116,1256,1.0
1011,0.7116,1257,1.0
1011,0.7116,1258,1.0
1011,0.7116,1259,1.0
1011,0.7116,1260,1.0
1011,0.7116,1261,1.0
1011,0.7116,1262,1.0
1011,0.7116,1263,1.0
1011,0.7116,1264,1.0
1011,0.7116,1265,1.0
1011,0.7116,1266,1.0
1011,0.7116,1267,1.0
1011,0.7116,1268,1.0
1011,0.7116,1269,1.0
1011,0.7116,1270,1.0
1011,0.7116,1271,1.0
1011,0.7116,1272,1.0
1011,0.7116,1273,1.0
1011,0.7116,1274,1.0
1011,0.7116,1275,1.0
1011,0.7116,1276,1.0
1011,0.7116,1277,1.0
1011,0.7116,1278,1.0
1011,0.7116,1279,1.0
1011,0.7116,1280,1.0
1011,0.7116,1281,1.0
1011,0.7116,1282,1.0
1011,0.7116,1283,1.0
1011,0.7116,1284,1.0
1011,0.7116,1285,1.0
1011,0.7116,1286,1.0
1011,0.7116,1287,1.0
1011,0.7116,1288,1.0
1011,0.7116,1289,1.0
1011,0.7116,1290,1.0
1011,0.7116,1291,1.0
1011,0.7116,1292,1.0
1011,0.7116,1293,1.0
1011,0.7116,1294,1.0
1011,0.7116,1295,1.0
1011,0.7116,1296,1.0
1011,0.7116,1297,1.0
1011,0.7116,1298,1.0
1011,0.7116,1299,1.0
1011,0.7116,1300,1.0
1011,0.7116,1301,1.0
1011,0.7116,1302,1.0
1011,0.7116,1303,1.0
1011,0.7116,1304,1.0
1011,0.7116,1305,1.0
1011,0.7116,1306,1.0
1011,0.7116,1307,1.0
1011,0.7116,1308,1.0
1011,0.7116,1309,1.0
1011,0.7116,1310,1.0
1011,0.7116,1311,1.0
1011,0.7116,1312,1.0
1011,0.7116,1313,1.0
1011,0.7116,1314,1.0
1011,0.7116,1315,1.0
1011,0.7116,1316,1.0
1011,0.7116,1317,1.0
1011,0.7116,1318,1.0
1011,0.7116,1319,1.0
1011,0.7116,1320,1.0
1011,0.7116,1321,1.0
1011,0.7116,1322,1.0
1011,0.7116,1323,1.0
1011,0.7116,1324,1.0
1011,0.7116,1325,1.0
1011,0.7116,1326,1.0
1011,0.7116,1327,1.0
1011,0.7116,1328,1.0
1011,0.7116,1329,1.0
1011,0.7116,1330,1.0
1011,0.7116,1331,1.0
1011,0.7116,1332,1.0
1011,0.7116,1333,1.0
1011,0.7116,1334,1.0
1011,0.7116,1335,1.0
1011,0.7116,1336,1.0
1011,0.7116,1337,1.0
1011,0.7116,1338,1.0
1011,0.7116,1339,1.0
1011,0.7116,1340,1.0
1011,0.7116,1341,1.0
1011,0.7116,1342,1.0
1011,0.7116,1343,1.0
1011,0.7116,1344,1.0
1011,0.7116,1345,1.0
1011,0.7116,1346,1.0
1011,0.7116,1347,1.0
1011,0.7116,1348,1.0
1011,0.7116,1349,1.0
1011,0.7116,1350,1.0
1011,0.7116,1351,0.8333
1011,0.7116,1352,1.0
1011,0.7116,1353,1.0
1011,0.7116,1354,1.0
1011,0.7116,1355,1.0
1011,0.7116,1356,0.5
1011,0.7116,1357,0.5
1011,0.7116,1358,1.0
1011,0.7116,1359,1.0
1011,0.7116,1360,1.0
1011,0.7116,1361,1.0
1011,0.7116,1362,1.0
1011,0.7116,1363,1.0
1011,0.7116,1364,1.0
1011,0.7116,1365,1.0
1011,0.7116,1366,1.0
1011,0.7116,1367,1.0
1011,0.7116,1368,1.0
1011,0.7116,1369,1.0
1011,0.7116,1370,1.0
1011,0.7116,1371,1.0
1011,0.7116,1372,1.0
1011,0.7116,1373,1.0
1011,0.7116,1374,1.0
1011,0.7116,1375,1.0
1011,0.7116,1376,1.0
1011,0.7116,1377,1.0
1011,0.7116,1378,1.0
1011,0.7116,1379,1.0
1011,0.7116,1380,1.0
1011,0.7116,1381,1.0
1011,0.7116,1382,1.0
1011,0.7116,1383,1.0
1011,0.7116,1384,1.0
1011,0.7116,1385,1.0
1011,0.7116,1386,1.0
1011,0.7116,1387,0.8333
1011,0.7116,1388,1.0
1011,0.7116,1389,1.0
1011,0.7116,1390,1.0
1011,0.7116,1391,1.0
1011,0.7116,1392,1.0
1011,0.7116,1393,1.0
1011,0.7116,1394,1.0
1011,0.7116,1395,0.6667
1011,0.7116,1396,0.0
1011,0.7116,1397,0.0
1011,0.7116,1398,0.0
1011,0.7116,1399,0.0
1011,0.7116,1400,0.0
1011,0.7116,1401,0.0
1011,0.7116,1402,0.0
1011,0.7116,1403,0.0
1011,0.7116,1404,0.0
1011,0.7116,1405,0.0
1011,0.7116,1406,0.0
1011,0.7116,1407,0.0
1011,0.7116,1408,0.0
1011,0.7116,1409,0.0
1011,0.7116,1410,0.0
1011,0.7116,1411,0.0
1011,0.7116,1412,0.0
1011,0.7116,1413,0.0
1011,0.7116,1414,0.0
1011,0.7116,1415,0.0
1011,0.7116,1416,0.0
1011,0.7116,1417,0.2
1011,0.7116,1418,1.0
1011,0.7116,1419,1.0
1011,0.7116,1420,1.0
1011,0.7116,1421,1.0
1011,0.7116,1422,1.0
1011,0.7116,1423,1.0
1011,0.7116,1424,1.0
1011,0.7116,1425,1.0
1011,0.7116,1426,1.0
1011,0.7116,1427,1.0
1011,0.7116,1428,1.0
1011,0.7116,1429,1.0
1011,0.7116,1430,1.0
1011,0.7116,1431,1.0
1011,0.7116,1432,1.0
1011,0.7116,1433,1.0
1011,0.7116,1434,1.0
1011,0.7116,1435,1.0
1011,0.7116,1436,1.0
1011,0.7116,1437,1.0
1011,0.7116,1438,0.1667
1011,0.7116,1439,0.0
1011,0.7116,1440,0.0
1011,0.7116,1441,0.0
1011,0.7116,1442,0.0
1011,0.7116,1443,0.3333
1011,0.7116,1444,0.1667
1011,0.7116,1445,0.1667
1011,0.7116,1446,0.1667
1011,0.7116,1447,0.0
1011,0.7116,1448,0.2
1011,0.7116,1449,0.1667
1011,0.7116,1450,0.1667
1011,0.7116,1451,0.3333
1011,0.7116,1452,0.3333
1011,0.7116,1453,0.5
1011,0.7116,1454,0.3333
1011,0.7116,1455,0.0
1011,0.7116,1456,0.1667
1011,0.7116,1457,0.0
1011,0.7116,1458,0.3333
1011,0.7116,1459,0.1667
1011,0.7116,1460,0.3333
1011,0.7116,1461,0.1667
1011,0.7116,1462,0.3333
1011,0.7116,1463,0.3333
1011,0.7116,1464,0.8
1011,0.7116,1465,0.8333
1011,0.7116,1466,0.5
1011,0.7116,1467,0.8333
1011,0.7116,1468,0.8333
1011,0.7116,1469,0.3333
1011,0.7116,1470,0.6667
1011,0.7116,1471,0.3333
1011,0.7116,1472,0.5
1011,0.7116,1473,0.5
1011,0.7116,1474,0.1667
1011,0.7116,1475,0.1667
1011,0.7116,1476,0.1667
1011,0.7116,1477,0.3333
1011,0.7116,1478,0.0
1011,0.7116,1479,0.1667
1011,0.7116,1480,0.0
1011,0.7116,1481,0.5
1011,0.7116,1482,1.0
1011,0.7116,1483,1.0
1011,0.7116,1484,1.0
1011,0.7116,1485,1.0
1011,0.7116,1486,0.8333
1011,0.7116,1487,1.0
1011,0.7116,1488,1.0
1011,0.7116,1489,0.8333
1011,0.7116,1490,1.0
1011,0.7116,1491,1.0
1011,0.7116,1492,1.0
1011,0.7116,1493,1.0
1011,0.7116,1494,0.6667
1011,0.7116,1495,0.5
1011,0.7116,1496,1.0
1011,0.7116,1497,1.0
1011,0.7116,1498,1.0
1011,0.7116,1499,1.0
1011,0.7116,1500,1.0
1011,0.7116,1501,1.0
1011,0.7116,1502,1.0
1011,0.7116,1503,1.0
1011,0.7116,1504,1.0
1011,0.7116,1505,1.0
1011,0.7116,1506,1.0
1011,0.7116,1507,1.0
1011,0.7116,1508,1.0
1011,0.7116,1509,1.0
1011,0.7116,1510,1.0
1011,0.7116,1511,1.0
1011,0.7116,1512,1.0
1011,0.7116,1513,1.0
1011,0.7116,1514,1.0
1011,0.7116,1515,1.0
1011,0.7116,1516,1.0
1011,0.7116,1517,1.0
1011,0.7116,1518,1.0
1011,0.7116,1519,1.0
1011,0.7116,1520,1.0
1011,0.7116,1521,1.0
1011,0.7116,1522,1.0
1011,0.7116,1523,1.0
1011,0.7116,1524,1.0
1011,0.7116,1525,1.0
1011,0.7116,1526,1.0
1011,0.7116,1527,1.0
1011,0.7116,1528,1.0
1011,0.7116,1529,1.0
1011,0.7116,1530,1.0
1011,0.7116,1531,1.0
1011,0.7116,1532,1.0
1011,0.7116,1533,1.0
1011,0.7116,1534,1.0
1011,0.7116,1535,1.0
1011,0.7116,1536,1.0
1011,0.7116,1537,1.0
1011,0.7116,1538,1.0
1011,0.7116,1539,1.0
1011,0.7116,1540,1.0
1011,0.7116,1541,1.0
1011,0.7116,1542,1.0
1011,0.7116,1543,1.0
1011,0.7116,1544,1.0
1011,0.7116,1545,1.0
1011,0.7116,1546,1.0
1011,0.7116,1547,1.0
1011,0.7116,1548,1.0
1011,0.7116,1549,1.0
1011,0.7116,1550,1.0
1011,0.7116,1551,1.0
1011,0.7116,1552,1.0
1011,0.7116,1553,1.0
1011,0.7116,1554,1.0
1011,0.7116,1555,1.0
1011,0.7116,1556,1.0
1011,0.7116,1557,1.0
1011,0.7116,1558,1.0
1011,0.7116,1559,1.0
1011,0.7116,1560,1.0
1011,0.7116,1561,1.0
1011,0.7116,1562,1.0
1011,0.7116,1563,1.0
1011,0.7116,1564,1.0
1011,0.7116,1565,1.0
1011,0.7116,1566,1.0
1011,0.7116,1567,1.0
1011,0.7116,1568,1.0
1011,0.7116,1569,1.0
1011,0.7116,1570,1.0
1011,0.7116,1571,1.0
1011,0.7116,1572,1.0
1011,0.7116,1573,1.0
1011,0.7116,1574,1.0
1011,0.7116,1575,1.0
1011,0.7116,1576,1.0
1011,0.7116,1577,1.0
1011,0.7116,1578,1.0
1011,0.7116,1579,1.0
1011,0.7116,1580,1.0
1011,0.7116,1581,1.0
1011,0.7116,1582,1.0
1011,0.7116,1583,1.0
1011,0.7116,1584,1.0
1011,0.7116,1585,1.0
1011,0.7116,1586,1.0
1011,0.7116,1587,1.0
1011,0.7116,1588,1.0
1011,0.7116,1589,1.0
1011,0.7116,1590,1.0
1011,0.7116,1591,1.0
1011,0.7116,1592,1.0
1011,0.7116,1593,1.0
1011,0.7116,1594,1.0
1011,0.7116,1595,1.0
1011,0.7116,1596,1.0
1011,0.7116,1597,1.0
1011,0.7116,1598,1.0
1011,0.7116,1599,1.0
1011,0.7116,1600,1.0
1011,0.7116,1601,1.0
1011,0.7116,1602,1.0
1011,0.7116,1603,1.0
1011,0.7116,1604,1.0
1011,0.7116,1605,1.0
1011,0.7116,1606,1.0
1011,0.7116,1607,1.0
1011,0.7116,1608,1.0
1011,0.7116,1609,1.0
1011,0.7116,1610,1.0
1011,0.7116,1611,1.0
1011,0.7116,1612,1.0
1011,0.7116,1613,1.0
1011,0.7116,1614,1.0
1011,0.7116,1615,1.0
1011,0.7116,1616,1.0
1011,0.7116,1617,1.0
1011,0.7116,1618,1.0
1011,0.7116,1619,1.0
1011,0.7116,1620,1.0
1011,0.7116,1621,1.0
1011,0.7116,1622,1.0
1011,0.7116,1623,1.0
1011,0.7116,1624,1.0
1011,0.7116,1625,1.0
1011,0.7116,1626,1.0
1011,0.7116,1627,1.0
1011,0.7116,1628,1.0
1011,0.7116,1629,1.0
1011,0.7116,1630,1.0
1011,0.7116,1631,1.0
1011,0.7116,1632,1.0
1011,0.7116,1633,1.0
1011,0.7116,1634,1.0
1011,0.7116,1635,1.0
1011,0.7116,1636,1.0
1011,0.7116,1637,1.0
1011,0.7116,1638,1.0
1011,0.7116,1639,1.0
1011,0.7116,1640,1.0
1011,0.7116,1641,1.0
1011,0.7116,1642,1.0
1011,0.7116,1643,1.0
1011,0.7116,1644,1.0
1011,0.7116,1645,1.0
1011,0.7116,1646,1.0
1011,0.7116,1647,1.0
1011,0.7116,1648,1.0
1011,0.7116,1649,1.0
1011,0.7116,1650,1.0
1011,0.7116,1651,1.0
1011,0.7116,1652,1.0
1011,0.7116,1653,1.0
1011,0.7116,1654,1.0
1011,0.7116,1655,1.0
1011,0.7116,1656,1.0
1011,0.7116,1657,1.0
1011,0.7116,1658,1.0
1011,0.7116,1659,1.0
1011,0.7116,1660,1.0
1011,0.7116,1661,1.0
1011,0.7116,1662,1.0
1011,0.7116,1663,1.0
1011,0.7116,1664,1.0
1011,0.7116,1665,1.0
1011,0.7116,1666,1.0
1011,0.7116,1667,1.0
1011,0.7116,1668,1.0
1011,0.7116,1669,1.0
1011,0.7116,1670,1.0
1011,0.7116,1671,1.0
1011,0.7116,1672,1.0
1011,0.7116,1673,1.0
1011,0.7116,1674,1.0
1011,0.7116,1675,1.0
1011,0.7116,1676,1.0
1011,0.7116,1677,1.0
1011,0.7116,1678,1.0
1011,0.7116,1679,1.0
1011,0.7116,1680,1.0
1011,0.7116,1681,1.0
1011,0.7116,1682,1.0
1011,0.7116,1683,1.0
1011,0.7116,1684,1.0
1011,0.7116,1685,1.0
1011,0.7116,1686,1.0
1011,0.7116,1687,1.0
1011,0.7116,1688,1.0
1011,0.7116,1689,1.0
1011,0.7116,1690,1.0
1011,0.7116,1691,1.0
1011,0.7116,1692,1.0
1011,0.7116,1693,1.0
1011,0.7116,1694,1.0
1011,0.7116,1695,1.0
1011,0.7116,1696,1.0
1011,0.7116,1697,1.0
1011,0.7116,1698,1.0
1011,0.7116,1699,1.0
1011,0.7116,1700,1.0
1011,0.7116,1701,1.0
1011,0.7116,1702,1.0
1011,0.7116,1703,1.0
1011,0.7116,1704,1.0
1011,0.7116,1705,1.0
1011,0.7116,1706,1.0
1011,0.7116,1707,1.0
1011,0.7116,1708,1.0
1011,0.7116,1709,1.0
1011,0.7116,1710,1.0
1011,0.7116,1711,1.0
1011,0.7116,1712,1.0
1011,0.7116,1713,1.0
1011,0.7116,1714,1.0
1011,0.7116,1715,1.0
1011,0.7116,1716,1.0
1011,0.7116,1717,1.0
1011,0.7116,1718,1.0
1011,0.7116,1719,1.0
1011,0.7116,1720,1.0
1011,0.7116,1721,1.0
1011,0.7116,1722,1.0
1011,0.7116,1723,1.0
1011,0.7116,1724,1.0
1011,0.7116,1725,1.0
1011,0.7116,1726,1.0
1011,0.7116,1727,1.0
1011,0.7116,1728,1.0
1011,0.7116,1729,1.0
1011,0.7116,1730,1.0
1011,0.7116,1731,1.0
1011,0.7116,1732,1.0
1011,0.7116,1733,1.0
1011,0.7116,1734,1.0
1011,0.7116,1735,1.0
1011,0.7116,1736,1.0
1011,0.7116,1737,1.0
1011,0.7116,1738,1.0
1011,0.7116,1739,1.0
1011,0.7116,1740,1.0
1011,0.7116,1741,1.0
1011,0.7116,1742,1.0
1011,0.7116,1743,1.0
1011,0.7116,1744,1.0
1011,0.7116,1745,1.0
1011,0.7116,1746,1.0
1011,0.7116,1747,1.0
1011,0.7116,1748,1.0
1011,0.7116,1749,1.0
1011,0.7116,1750,1.0
1011,0.7116,1751,1.0
1011,0.7116,1752,1.0
1011,0.7116,1753,1.0
1011,0.7116,1754,1.0
1011,0.7116,1755,1.0
1011,0.7116,1756,1.0
1011,0.7116,1757,1.0
1011,0.7116,1758,1.0
1011,0.7116,1759,1.0
1011,0.7116,1760,1.0
1011,0.7116,1761,1.0
1011,0.7116,1762,1.0
1011,0.7116,1763,1.0
1011,0.7116,1764,1.0
1011,0.7116,1765,1.0
1011,0.7116,1766,1.0
1011,0.7116,1767,1.0
1011,0.7116,1768,1.0
1011,0.7116,1769,1.0
1011,0.7116,1770,1.0
1011,0.7116,1771,1.0
1011,0.7116,1772,1.0
1011,0.7116,1773,1.0
1011,0.7116,1774,1.0
1011,0.7116,1775,1.0
1011,0.7116,1776,1.0
1011,0.7116,1777,1.0
1011,0.7116,1778,1.0
1011,0.7116,1779,1.0
1011,0.7116,1780,1.0
1011,0.7116,1781,1.0
1011,0.7116,1782,1.0
1011,0.7116,1783,1.0
1011,0.7116,1784,1.0
1011,0.7116,1785,1.0
1011,0.7116,1786,0.8333
1011,0.7116,1787,0.0
1011,0.7116,1788,0.0
1011,0.7116,1789,0.0
1011,0.7116,1790,0.0
1011,0.7116,1791,0.0
1011,0.7116,1792,0.0
1011,0.7116,1793,0.0
1011,0.7116,1794,0.0
1011,0.7116,1795,0.0
1011,0.7116,1796,0.0
1011,0.7116,1797,0.0
1011,0.7116,1798,0.0
1011,0.7116,1799,0.0
1011,0.7116,1800,0.0
1011,0.7116,1801,0.0
1011,0.7116,1802,0.0
1011,0.7116,1803,0.0
1011,0.7116,1804,0.0
1011,0.7116,1805,0.0
1011,0.7116,1806,0.0
1011,0.7116,1807,0.0
1011,0.7116,1808,0.1667
1011,0.7116,1809,0.0
1011,0.7116,1810,0.0
1011,0.7116,1811,0.0
1011,0.7116,1812,0.0
1011,0.7116,1813,0.0
1011,0.7116,1814,0.0
1011,0.7116,1815,0.0
1011,0.7116,1816,0.0
1011,0.7116,1817,0.0
1011,0.7116,1818,0.0
1011,0.7116,1819,0.0
1011,0.7116,1820,0.0
1011,0.7116,1821,0.0
1011,0.7116,1822,0.0
1011,0.7116,1823,0.0
1011,0.7116,1824,0.0
1011,0.7116,1825,0.0
1011,0.7116,1826,0.0
1011,0.7116,1827,0.0
1011,0.7116,1828,0.0
1011,0.7116,1829,0.0
1011,0.7116,1830,0.1667
1011,0.7116,1831,1.0
1011,0.7116,1832,1.0
1011,0.7116,1833,1.0
1011,0.7116,1834,1.0
1011,0.7116,1835,1.0
1011,0.7116,1836,1.0
1011,0.7116,1837,1.0
1011,0.7116,1838,1.0
1011,0.7116,1839,1.0
1011,0.7116,1840,1.0
1011,0.7116,1841,1.0
1011,0.7116,1842,1.0
1011,0.7116,1843,1.0
1011,0.7116,1844,1.0
1011,0.7116,1845,1.0
1011,0.7116,1846,1.0
1011,0.7116,1847,1.0
1011,0.7116,1848,1.0
1011,0.7116,1849,1.0
1011,0.7116,1850,1.0
1011,0.7116,1851,1.0
1011,0.7116,1852,1.0
1011,0.7116,1853,1.0
1011,0.7116,1854,1.0
1011,0.7116,1855,1.0
1011,0.7116,1856,1.0
1011,0.7116,1857,1.0
1011,0.7116,1858,1.0
1011,0.7116,1859,1.0
1011,0.7116,1860,1.0
1011,0.7116,1861,1.0
1011,0.7116,1862,1.0
1011,0.7116,1863,1.0
1011,0.7116,1864,1.0
1011,0.7116,1865,1.0
1011,0.7116,1866,1.0
1011,0.7116,1867,1.0
1011,0.7116,1868,1.0
1011,0.7116,1869,1.0
1011,0.7116,1870,1.0
1011,0.7116,1871,1.0
1011,0.7116,1872,1.0
1011,0.7116,1873,1.0
1011,0.7116,1874,1.0
1011,0.7116,1875,1.0
1011,0.7116,1876,1.0
1011,0.7116,1877,1.0
1011,0.7116,1878,1.0
1011,0.7116,1879,1.0
1011,0.7116,1880,1.0
1011,0.7116,1881,1.0
1011,0.7116,1882,1.0
1011,0.7116,1883,1.0
1011,0.7116,1884,1.0
1011,0.7116,1885,1.0
1011,0.7116,1886,1.0
1011,0.7116,1887,1.0
1011,0.7116,1888,1.0
1011,0.7116,1889,1.0
1011,0.7116,1890,1.0
1011,0.7116,1891,1.0
1011,0.7116,1892,1.0
1011,0.7116,1893,1.0
1011,0.7116,1894,1.0
1011,0.7116,1895,1.0
1011,0.7116,1896,1.0
1011,0.7116,1897,1.0
1011,0.7116,1898,1.0
1011,0.7116,1899,1.0
1011,0.7116,1900,1.0
1011,0.7116,1901,1.0
1011,0.7116,1902,1.0
1011,0.7116,1903,1.0
1011,0.7116,1904,1.0
1011,0.7116,1905,1.0
1011,0.7116,1906,1.0
1011,0.7116,1907,1.0
1011,0.7116,1908,1.0
1011,0.7116,1909,1.0
1011,0.7116,1910,1.0
1011,0.7116,1911,1.0
1011,0.7116,1912,1.0
1011,0.7116,1913,1.0
1011,0.7116,1914,1.0
1011,0.7116,1915,1.0
1011,0.7116,1916,1.0
1011,0.7116,1917,1.0
1011,0.7116,1918,1.0
1011,0.7116,1919,1.0
1011,0.7116,1920,1.0
1011,0.7116,1921,1.0
1011,0.7116,1922,1.0
1011,0.7116,1923,1.0
1011,0.7116,1924,1.0
1011,0.7116,1925,1.0
1011,0.7116,1926,1.0
1011,0.7116,1927,1.0
1011,0.7116,1928,1.0
1011,0.7116,1929,1.0
1011,0.7116,1930,1.0
1011,0.7116,1931,1.0
1011,0.7116,1932,1.0
1011,0.7116,1933,1.0
1011,0.7116,1934,1.0
1011,0.7116,1935,1.0
1011,0.7116,1936,1.0
1011,0.7116,1937,1.0
1011,0.7116,1938,1.0
1011,0.7116,1939,1.0
1011,0.7116,1940,1.0
1011,0.7116,1941,1.0
1011,0.7116,1942,1.0
1011,0.7116,1943,1.0
1011,0.7116,1944,1.0
1011,0.7116,1945,1.0
1011,0.7116,1946,1.0
1011,0.7116,1947,1.0
1011,0.7116,1948,1.0
1011,0.7116,1949,1.0
1011,0.7116,1950,1.0
1011,0.7116,1951,1.0
1011,0.7116,1952,1.0
1011,0.7116,1953,1.0
1011,0.7116,1954,1.0
1011,0.7116,1955,1.0
1011,0.7116,1956,1.0
1011,0.7116,1957,1.0
1011,0.7116,1958,1.0
1011,0.7116,1959,1.0
1011,0.7116,1960,1.0
1011,0.7116,1961,1.0
1011,0.7116,1962,0.3333
1011,0.7116,1963,0.0
1011,0.7116,1964,0.0
1011,0.7116,1965,0.0
1011,0.7116,1966,0.0
1011,0.7116,1967,0.0
1011,0.7116,1968,0.0
1011,0.7116,1969,0.0
1011,0.7116,1970,0.0
1011,0.7116,1971,0.0
1011,0.7116,1972,0.0
1011,0.7116,1973,0.0
1011,0.7116,1974,0.0
1011,0.7116,1975,0.0
1011,0.7116,1976,0.0
1011,0.7116,1977,0.0
1011,0.7116,1978,0.0
1011,0.7116,1979,0.0
1011,0.7116,1980,0.0
1011,0.7116,1981,0.0
1011,0.7116,1982,0.0
1011,0.7116,1983,0.0
1011,0.7116,1984,0.0
1011,0.7116,1985,0.0
1011,0.7116,1986,0.0
1011,0.7116,1987,0.0
1011,0.7116,1988,0.0
1011,0.7116,1989,0.0
1011,0.7116,1990,0.0
1011,0.7116,1991,0.0
1011,0.7116,1992,0.0
1011,0.7116,1993,0.0
1011,0.7116,1994,0.0
1011,0.7116,1995,0.0
1011,0.7116,1996,0.0
1011,0.7116,1997,0.0
1011,0.7116,1998,0.0
1011,0.7116,1999,0.3333
